Sequence,Count
AGCATATATTCAAATGAGTGC,2
AGTCGAGGGCCAGGCCTGGGC,4
CAGTGCAGACAGGCTACGCCA,1
ATCATGTTTGAAACTTAATAA,4
GAGAAGTCACTCCAGGCTTGC,1
ATGCAGTTTTATATAACCTGG,91
AAATGACCCTTAACAGCTCCT,1
AGAGGGAGGACCCTGAGTAGA,3
ATTTTGTCTGTTCCACCCTGG,1
GACCTGGAGCATACGGTGACC,1
ACAGGATTCACTTTTCTTCAC,2
CATGTGTGGGTAGAGAGCTGG,2
TGCCTATACCAATATCCCAAA,1
ACCAGAGAACTTCATGTTTAA,1
CTAAGATTAAAAATGAAGTAC,14
CCTAAGCCCTGCCCACAATGA,1
AATAATTTGAAATTGGCAGGA,2
TCAGATGACAATCAAAACAAA,4
CTGGGGGTGGCTTACCCTGGC,9
ACCGGGCCGCGGCCCACACGG,2
GACTGCTGAGATGCAAAGGGC,1
AATTCTGCATTGCTTTCAATA,2
AATTCTTGAAAATTTTTTTAG,1
GTGTTCATGTAGTTTTTGGCA,1
AATTTGTTTAGTAAGATCGGA,1
GGGGGGCCTCTGCGGCATGTA,1
ACCTGCCTTTCAGCTGCATGG,10
CTTCTTGAAAAGTATAGTACC,1
GTTTCTCTTTTCTCCTAGGAA,1
ATGTGGATTAACCATCTGTCA,1
ATTCTTATTTATAGATATAGG,1
GAGACTTGGGTATGTTTGTTA,1
AGTATTTTCTATCTACATTTG,1
ATAGGAGCAGGAGGCAGAGAG,1
AGGATATAGTAGTCACACCAG,6
CATTCTCCAATTTCAGATTTC,3
CCCGTGTGACTTACTTACTTA,13
GAGAGTCTGTCTCTAACAACA,3
GTCCCGGACACTCTCTCAGAC,1
AAATTGCAAGTTAGAACAACA,1
GATATAGGAAAAAACAAGCAA,1
CCACCTCCAGCAGTCACAGCA,1
ACATATCCAAAAAAGTAAATA,1
TATATGTTGGTTTTAGGGTGA,3
GAGAAGAAAACAAAAACCATA,2
CCTGGGAAGTCATGCGAGTGC,1
AAGGGGTCCGCACGCGGGCGG,2
ACACCCCCGTGGGCTCGAGGC,40
ATCGAGCTTCACACTGGGCTG,1
GACCAAAGGGAACATACCCTA,2
GTACCTGCAGGTAGATCAGAA,2
GACATTCTTCCTCGGCCGCCC,9
AACATGACATCTGGGTGGGGA,3
ATCTTACAAAAAGACTCCATC,2
ATCCACTCTTGTTCGACACCA,23
AAAACGACAAACCCAATTAAA,1
TCTCAACAATGACACATAAAA,2
AACCCGCTGGTCCAAGGCCAG,2
GAAGGAGGGGAAAGCAAAGGA,1
CTCGTCAGGTGGCACAGGAGC,2
GAAACTGTCAAAACTCTCGCA,1
CAGCTCCTCCCATGCACACAC,1
CTGTGAGCCACCCCCGCACAG,52
ATTTCCACTATCAGCCCATAA,4
TCCCCACTGAGGTTCTTCTAA,23
AAGTTCTCTGAAAATTTTTGT,1
ATCTTAATAAATTTTTACCAT,1
ATGAGTAATGCAGAGAGACCA,2
ACAGCTCTATCAGCCTATGGA,6
ACATTTCAATATAAACTAGCA,1
CATTAGGCGGGACGAGCTCCG,1
AGGATAACTACAAAACAACCA,1
GAGGTGACAAGCTTACTCATC,1
AATAACACCATTGTGTATTTA,1
AGCTTGGCTGGAAGCAGGCCC,2
CCGCCACCACCACCACCGCCA,27
AAGGATCATCCCCGCGAGAAT,1
CATGGGTTATAGGAGTCAGTA,1
GACCCAAGTCCATGGAGATCC,2
AATAGATTTTTCTAATTTTGT,1
TGATCAGGGTACACAGAAGAA,2
GTTCAAGGGAAAATAACTTGA,1
TGGAGTAAGGAGGGTAGGGAA,1
AAGGCGGCGGCCGAGCGCTCT,20
CCCACTACGTGGAAACAGATC,1
CTTTAGGGTTCTTACAGAAGA,1
ATAATTGATAGCATCATAAAT,1
ATTTTTCTCTGCATGGAAAGG,1
CTTTCCTTCCTTCTCTCAAGC,2
TTAGTAAGGACAAAGTTGCAA,1
AGCAGACTGTATAACCAGGCA,27
ATTTGTGCAATTTGTGCATAG,2
AACGATTTATACATTTAAGGT,1
AATCTGCATTGTTCCCAACAC,38
CTTCGGTGGTTTATTTAGAAC,1
AGATACTAGAGATCTTTATGA,1
CTACTATACTAGTCAGAGTTC,2
GAATTCTGCCTCTGTTCTGAC,3
GCAAAAGAAAAAAGAAAGAGA,1
GGCGGGCGACAGGGCCCTCCA,43
AGGAGTTGGAGAATATCCTGG,4
ATGTGTGTATCTGCAGTAGGA,1
GTTGCATAAAATATTAATTGA,1
AATTCCTCTGGTCTTCTGTCT,2
CCTCTAGGGGCCGCCGAGGCC,1
GCCAGCCTCCAGCCCCTCCCC,1
CAGATGGGGAAATGGGGGAGA,2
ATTCCGCGCATTCTTCCGCTC,1
CACAAGTGATGGAGAGCCGTG,24
CTCCTGTAGTCCCAGCTTCTC,7
GATGCACGGCTGGGGAGGAGC,17
TCATCCTACCATCAATATACA,2
CTCTCGTGGACCCACATCAAG,1
CCCCCTCCTGTCCCCCCTGCC,1
TATCTGAAAAGAATATGCACA,1
ACAACCTTAGTAGAATTTTAA,2
AAGAAAAAGATTATTGAAGGG,2
ATAAAACTAGGAAATTGACAT,1
CAGGAAGCTCTGAGTCCAGCA,2
GTCTGATTGGTCAGATCGGAA,1
AGCAATTAAAATAGAAGTACT,5
CCCTGGTGGAGAAATCTGCCA,11
GCCGATGCGCTTGTTGGAGCC,34
GCCTCGTTATTTATGCCTGAA,2
AGATGTTCATTTGTGATACTA,1
AATGGGTACACTAGAAGCGCA,3
CACAGACCCCCACATCGAAAC,1
CCCCGCCCCCCCCGGCTCGCA,1
AAGGACAGATAGTAATGAAAT,1
CACTGCACTCTGCCAAAGGTA,1
GTTGAAATTTAATCCCCAATA,2
ACTTACTTGGTACCTGTTGTC,56
GGCCGAGTTGCCAGAAAGAGA,2
CAACTCCAGCAGGAAGATATA,1
TGCAGTGGTTTGATAACAGCA,1
AGCAGGAGGATAGGAAGAGAA,1
CCCACATGGAAGGCCTGGAGG,1
CCGCGAACACCGTTCCCCCTC,1
AAGATGGGTGTGAAGGCTGAA,1
ATTAATACCCCTATTTCCTCA,1
AATATTTGGATGCTGCTAGCA,2
CACATTAAAAAGATTAAAAAA,1
GACTCAAAGAGGGGCTGTTAA,2
ACCACTTGGCAATGCTCCCTA,1
ATTTTTTTTAAAGACGGGGTC,1
AGTGTCGACAAAGAGATCGGA,1
CAGCAGCCGGTAGCCCAGTCA,2
TTACCTGATTTCCTCTTGGAA,63
CCTCTGCCTCAGACAGGCCTC,1
GAAGGAAATGGAAACCACCCA,3
AACAATGAGCTCTGCACTGTT,1
CAATAATGACTCCTTCGGAAG,1
AGGCGGGTTGGTGAGGCAGAC,1
AGCAGGTGGAACGATTTGGGG,1
CCGTCGGCCACGCGCCGCGCC,1
GTAGAATGAAATTGAATCAAC,3
GGACTGTTTGAGTTTCCCGGA,2
CGCCGCCGCCGAGGTCTGGGC,1
AGCCAGCTGGACTCATGAGTC,1
AATGCACATCCTGAGCCCTCC,33
ACAAACATCCCCAAGACACAT,1
TAAATAAAAATTGAAATGCTA,1
TGCAGCCATTAGCAGTGACAA,1
ACAGCATCATTCTCTGTTAGG,1
AGAATCATAAGTAAATCTCTG,3
AGCCAAAAAAAAAAAAACACC,1
CGATCTTACCTTGGGGAGTTA,1
TAATTTTTCTGTAAATCTAAA,2
TAATTTTGAAAATTTAAAATA,2
ATATACAGCAGAGTCCAGAAC,1
GGCCAGATAAACAGTCATTAA,1
CAGGGTCACACAGCTAGCAAG,1
GGTTGCATTTAACCGAGAACA,1
AGGTGCAGCGGTTCATCACGC,39
CTTGATCTTCATAAATCTTCA,1
CCCAGTTGCTCCTAGAGATAA,2
TTGGCCATTTTCATGGATAAA,1
CATTACCTGTGCCGGCCAATG,3
AGAATGTATTAATCTGTTTTC,2
AAAAACAAAGAAGAGAAAATA,8
AGCGGCTCAGCGACTACTCGC,1
GATATTTATTGGGGAATATGA,1
GGCATTACAGGCACGCTCCAC,2
GAATATGGGGTTTTATTGAGC,2
CTTACCACCTTGGAGATTTAA,2
ACTCAAAGTTGCCTCATGGGG,1
ATGGGTGGGGTTGGGGAGGAC,2
AAAAAAAAAAAACTACGTACA,1
AGCATGTGTAGATCATTAGAT,1
CCGCTATTTATGGTGGCTTGA,28
ATAAACACACTCTCAATCTCA,1
CCCCAGGCCTCCAGCGAGGAA,87
AGGCCGTCGTCGCCGCACGGG,77
CCATCTTTATTTTATTTAATA,1
GAGTGGGCAGCCACCCTCAGA,1
AGAGTGCTGGTCTCATCATTC,1
CCACGAGAGGCTCTACAGCAG,1
AATTTTTTACCTCTGCCTGGG,1
ATATCCCTGGATCCCCTCCAA,1
AGTTTAATTGAACAAAAAATA,2
CTTTGACTGATATTTAAAATA,1
CCCATCAAGGATGATATTTAA,1
CTCCACATAACACCGGAGCCA,1
AGAGCAAGTAACTATAAAAAT,3
TTATACAGGCTATCAGCCAAA,11
GTGGGTGAGAGTAGGGAAGAA,1
CCAGCATTATACTAAAAAACA,1
AATGAGCATTTCCTTTTTGCA,1
CCCCTGTTTGGCTTCAAGACC,12
AAAATGTGGACCTTTGGCTGG,1
ACCGCGCGCCGGGAGCCGGAT,2
GGCTGTTGGGGCCCCTACCCA,1
CTCACTTTATTAGTTCTCACA,1
GCCCTGGCCTGGTCCTCTTGA,2
CGAGGGATGCAGAGTCCAGCG,2
TAGTCACTAATTCTGTCTTAA,3
ATTTGTTATTTTCAACTGTTC,1
GAGCCCCCACTTCCTAGCCAC,2
CCATTATCCTAACCACCTGCA,2
GAAACTGGGCCCAAGACTTAC,1
TGAAAAAATAATTAGAGAGCA,1
AAAATTAGATGCCTAAATAGT,1
CAGATCAGTGGTAGTATTAGA,5
CCAACATGGAGGAACGCTGAC,1
TGACAGAAACATTTTAGTGCA,1
AACTAAATATAAAGCACAGCT,1
GCCTCACCTGGGAAACACAAA,3
GTTGTGATAGCCCAGAATTAA,1
CCCCCGCGCTGAAATCACCCA,4
AAAAAAAAAAAGCAGGCCAGG,2
GAGACAAGGTAAGAAATATAC,25
AAAATATTATATATAAAATAT,1
CCGATCTATGGACTTAGGCAC,1
ATAGGCTGGGCCTATTGGGTC,1
CAGAGCGGCAGCTCTTAATAC,1
TACCACCTGATTGGAGTGAAA,2
ATTGCTGTTACGCCATTTTAC,8
AACTCCACGCCCTGCAGCCTC,25
GCGTCACTGGATGAACTCTAA,2
AGCATGAGTTGGATTTGTACT,1
AGTGCCTGCGGCTTTTCCAGG,18
TATGGTAATGTATTATTTTCA,1
GGCAGGAAGGGAAGAAGGGAC,5
GCAACAAATATTCTAGAAATA,2
TATAATGTACTGTATAGTACA,3
ATGACACAGCGAGACTCTGTC,2
CATCTCCTTATCCCTACCATC,1
CCATAGCGAACCAAAACACAC,1
AAGTGTCTTGTCCAAGCTGCC,3
AATCCTTAAATGTGGCTGGGG,2
ACAGGGCATGGCCAGTCCTGC,2
ACCAGTCCACCTCACAGCAAG,1
CAGTGAGTGGAACTTTAGGGG,1
AGCCTGTACTCAACAGGAGAA,4
AACTATAAAACCTGTAACGTG,1
GAAACGAGGCTCCGCAGGGGC,1
CAGAGGATTTCTCTTCCAGAA,31
AACTATGCTACTTCTGCTAAC,1
CTCTATCTTCAGAGGGGAGAG,12
CCCCATCCCGCCAAGAAAAAG,1
ATTTGTCTATAGAGTACTAGC,40
CAAGTTACAGAAATATTCTTC,2
ACAGCTTTGTAGTGGAGAGAC,1
GACCTGCCTGCTGAAAGGAGC,4
ATCCTGGCCACATGTCAAATC,3
AACAGCCACCTGCGGAGAAAT,22
AAGAAAGTACAGAAGGGTAAT,10
GACCAGAAGCTGGGGGCCAGA,4
ACATAATGCATCCTTGGGATA,1
GAGGCAGGGGCGTGTGTGAGA,1
AGAAAATTAAATGAACTAACC,1
TGATACAAATTGAATCTGAAA,1
TATTTCTTTATTAGTGGTAAA,2
ATGAGAATCAAGCCAGTTGCA,1
CACTGAAGTGCTGGGATAATG,1
TCCATGCATCATCAAGTGAAA,1
TATAGAGGGTCAGGGGTTAGA,1
AATCAGAAAACCTTGCAGCAG,1
AGTCTTTGTGGCCTAGATTGC,1
ACTGCTGAATCAAACATTTAA,2
AGCTTTTCTGTTCCTATTAGC,1
AGCCGAGACTGCACCACTGAC,2
CCTGGGATTAAGCTTCCAGAA,4
TAGCAGGCGAGGACCAAGGAA,5
CACAGGCTGGGCGCACATTCC,10
ATAATACTTTATTGGAACATG,1
CAAAAGGTTTTCTCTTATGCA,4
CTACCAAAGAAGTCTATACAA,33
TGTGGGTACACTTCAGGGGAA,1
ATAAAAGTGAGTTAGGATAAA,1
ACTATTAAACTGATGTGTACA,1
ACTGATCGCTTTAGGACAGGA,1
CAGCCACGGGAATCAACTGCC,1
CCACTCCCCACGGTCTCCCAC,4
GAGTCTGGGGGAGCAAGCACA,2
TCTCCCTTTTACAGTCACAGA,6
AATAAGGAATAAACGAAGAAT,6
AATTTTAATTTTTCTTCCAAA,2
ATAAGTGAGAAGCCATAAACA,2
AAGTAGGTATTTGATGTAATG,1
AGAGCATCTCCTGGGACGGGC,1
GAATAATAAACCAATGAGTTA,27
AGTTACTAAATTCTAAACTGC,5
AAAAGTTTTTGACATTTTAAA,1
CATACTTATCACTCTCTCCAA,1
AAGTGGCTTTAAATAGGAAGC,1
ATTTAAGGAACACATAGCTGA,1
CAATTTGTCTCCACCTACACA,2
GAGAGCTGGTGGCAGAAGGAA,2
ATCAAATGCATGCTTCAAAAA,3
AAGATGGAGATAGACCTGAAG,31
ATAAAACCCTCTCTGATGCAC,1
ACAGCCGGCATGCTCTGCACC,1
GCAAGGAGAGGGAAAGAGAAC,2
AGGAGTTGGAGGCTGCAATAA,1
AGAGGAGCTGGAGACCACACA,70
ATTTTAAATACTTCATATACA,1
CACTGGTCTTTTTACTTTAAC,1
CTAGCAGGTCCAGAGGAAGCA,2
AGTTGAGCTGACATTCATTGC,2
CAGTGAGAGTGTATCAAGAGG,1
CTCACTTTTAAGAATGAGAAA,1
AATACAAATTATCTGGGTGTA,1
GCCCCCGGCTATATTTTTTGA,1
TACATAAACCCCAAAGCAGAA,9
TAATTCTATTTCAGAAGTTGA,4
AGCAGTGGCACCGTTAGTCAG,47
GTCACAAATGTTGATTATGTA,1
CCAGCAAGACCCAAATCGCCC,2
GTAACACAGCAGTTTCTAAAA,23
AGCTTGTTAAATTAAAAATGG,2
GGAGATGCTGTGATGGCCCAA,2
ATAGAATTAAACTCATAAAAA,1
AGGTGGTTTTAGGAACCCCGA,1
CCCCCTCCCTTGCACTCCCTA,1
CAGATCTGCAGGTCAGGGCCC,1
AGCCTGCTGTGCAATGGGCAA,4
CCCCTCCTTGTTTGAGACTTA,1
CTATCGAGTGTTACACTGCCA,1
CTCCATCTCAAAAAAATTCTA,1
AGTGCCCCGCGCACGTGACGG,1
ATTCTAGAAGTTCTTTCCTTC,1
CAGTGCATGCCCGCGGGTCCG,1
ATAAATATTGAGATCTGAATG,4
GGGAAGGAGGGAAGGATGAAA,3
TCAAGAAAACCTTCCAGCACA,58
AGGACCTGGCTGTGCCAGGAG,41
ATAACAAATATATAACATCTC,1
ACCTCCACCCCTGATTCCTAC,3
ACGGGGATCGCCAATCACATC,9
GGGTGGCAAGGTTTAAAACGA,1
TAGAGCCTGACTTAAGTGCCA,1
GCCACTGAAAAATTCAGTTAA,35
CTTGGCAAAGATCCACTGGGA,1
CTGAAGTTCTGTTTTTTAGGA,5
TAGAACCTCAAGGAAGTTGGA,3
AAAAGACTTACAAAATGTGTA,1
CTCTCTTCCACCTCTATTCCC,2
GTCCAGGAGGCTCGATATACA,1
AGGTTTGATTAAACCCGAACC,1
CACTGTTGTTTGAGTTATTTA,63
CAGAAAGTCTGTCAGATGCTG,1
GAGTTGTTGTTTTATATATCC,11
ATGCCTCTGAGGACAAGATCA,6
ATGAATTCCCCCAGATCGGAA,1
ATAATCTACAGTTATCTACAA,3
GGTTTATCAATTCATAGCCTA,2
AAGAAAGCCAGAGCCCAATTG,1
AAAAGCCAAAACAAAGTTAAA,1
AAGAAATATGGAACAGATGGA,1
TTTAATACCTGGATGATGAAA,7
CGTGCGCAGGCCAGCCTTGAG,2
AATAGGGTGTTAAAAACAAGA,1
AGAATACACAAGGAACTCAAA,1
CCTTCACTTCCACTCCCTTTA,1
ACAAAATCTCTGGTGAGAGAG,1
ACCTCCTTAAAACATGATAAG,2
AGGCAGGAAAGGCAAGCACAT,1
CACTGGTGAGAAACCATATCA,1
CCTTCGCCTCCCAGACTCAAG,1
AACGTCACCTAAAGGAACAAA,1
TCTTCTGCTGTATGGTTATCA,2
GTTCCTGCCCCCTGTACCCCA,2
AGGATGGCAGCACATCCCTTG,1
ATTTTAAATAAAAAAAAATCC,2
AAATGTCAAGTATTCTATAGC,1
AGGCTTAGAGGGACTGTGACT,1
CGCGCCCGCCGCGGCCGCGGC,2
AGTCTGACCAGCACCCACCTC,1
CATTATCTGATTAAATGATAA,1
AATAACGGTGGAGGCACAACA,1
GATCTTGGCGCACTGCAACCA,3
CAGGTCCCCAAACCCCAATGC,1
CAGTTGGCTCAGAGTCTCAGA,1
CCGAGCAAATGGTTCCACCCA,2
ACGCTTATACCCCTTCTCTAC,1
GAAAACCAACCAGTCTGGCGC,1
GAGTGAGTGATTCAATCTCAA,1
ACTTCTATAGAAGACCATCAA,1
ACCGGGTGGGTAACATCACAC,1
AAAAAGGGTGTTACATGGTAC,1
AAGTGATGGCCTCTGAAAGAC,1
AATATGAGAAGGGCCGTTATG,1
ATATTTGACTTGCTGGTTGAT,48
GGACGGACATTCACAATTTGA,1
AATTTGGGTTTTATTTCATAG,1
ATACGACTTATTTTGATGAAA,1
AGGCGGAGCTTGCAATGAGCG,21
CCTCATAAACTTAAAATACTA,2
CAAAGTATATAATTATTTAAA,1
ATAAATTATTATTTACCGCAC,1
CCCACTGCTTGATGCGGGCAC,1
AATAACATCACCAATAACCGA,1
GAGAAATCCACATAGTATTAA,1
ACACTTGGCCGAAAAAAATAA,2
CACAACTCTTCAGTACAGCTA,3
AGTAAGGGAGTTCAGGGGAGA,1
CCCGGTGGGCCCTCAGTGTGA,1
AGGATGAGAGGGACGGCTGGG,16
AAAAAGTTAGAAAATGGGCCA,3
GGTCAAATGTGAAAGACAGAA,83
AAACTGACGTCAGTCATGACA,1
CCCTCGAGGGCTTCCACGTAG,1
ATTCCTCTCAATGAAAAATAC,3
AAAAATTTATTCAATTTGTTA,2
CCTGCTGCCAGCCCAGCCCCG,2
AACCCCTTTTTAGGTTAAAAT,1
ATATATCTGATAATGGACTGG,1
GAATGGGCTTTTGCGGAGAAA,15
AAAAGATTACAGCCCAGCTTA,2
ATGACAGCTGGCTTCCTGCTG,7
GCCTCCCTCCATCCTCGGCCC,3
CACCTCTCCCTTGAATAATTC,2
GGACTAAAATTACAAAAATGA,1
AGTAGTTTTTTATTTTCTGGA,1
CAAGTGCGCGGTGAGGGCGTC,1
CATTCCAAAAGAACCGAAGAG,1
AAAGGAGAAGTTTCCTGCAGT,28
ATCTGACATGAAGCATAGGGA,1
TATGTCTATTATCAGTGGTCA,1
AAAAATGAAAATGATTCCAAG,28
AGGAATTTTTCTTTTATCGAA,1
AATAAAAGTGAATAGAGCCTA,1
AGGAAGGCGGTTGAAGCCTGG,2
CCGTTCACTCCCCGGGGCTTC,31
CATACAAGAACACATGTCCTC,1
ACTATATTCTATCGTCCTGCC,1
AAGGTTCTGTTGGTGCAACTA,17
CACTATAAAAATATCACTAAA,1
CAGCACTAGTGTAATGGAATC,1
AAGCAATGGGGAAGGGTCGCC,1
TAACTATTTTTTTAGTTAATA,33
CATTTGAATGCACTCTTAAAG,1
GATTAGCATATGATTAGCAAA,10
TCACTACATTAAGTTAAGCAA,27
AGAGAGGGCGGGGCCGAGGGG,6
AGTAAGCATGTGAAAAGATGC,1
AAATCATTGACTTGTACATAA,3
AATGCAAAATCATGACATTAA,1
AAGGTGCTGCTGATACAACAA,26
CTCTGACCTTCCTTTCATAGA,1
CAGTCCTCCAGCTGCCCGGCC,1
CAGGGGGTTCGTATGAGGAGA,1
CTGGGACCAAAGGACTCCTCC,1
ATGGCTAAGGGGTGCTTGAAG,1
CCTCTAGCACCTTGCATAGTC,4
CACTTTGGTTTCAGAGGCCGA,2
CAGCTAGGATGGGGTACTACA,1
AGGCCTGGGCAGAAGTTCATC,62
AGCACCCTAGAACCAGAATAT,7
GTTGGTATGAGAAACAAGGAA,1
ACATCACGTGGACCTGCGACA,1
AGCCGGGGTGTGGTGGAGCGC,1
CGCCTCTCCTCCTCCAAATGA,2
ACAGTGTGACACCCCGGGTGC,1
GCGCGAGGAAGAAGTAGACGC,30
ATCTACCACGTCACAGATCGG,1
CCAGAATGATGCCAGAGCCAA,4
ATGGCAAAACCCCATCCTCTA,4
CAGAAAGGCCAGGGCATGACC,2
GATGGGGCTTCGCCATGTTGC,20
ACTTCAACGCAAAAACTGCAC,1
GGAGCTCCTTTTGAGCCCTCC,1
GTTAATGACACTTAATGCTAA,1
CCTCACTCAAGAATAAAAAGA,1
AACAATCAAACACTGTGTGGC,2
GACATCATTTGCCAACCCCAC,1
ACAGCCAGGGAGCTGGTAAAA,3
ATTTGTGTTTGTTGGGGCCAG,1
ATGGAGGGTGCAGAGATGAGA,4
CATGTAACCTAGATCCTAGGG,1
CTCCCCTCCTCCCCTCCCCTC,28
CGGGGATTGTCCATCCCTACC,1
ACTCTAGGGGACAACAACAAC,1
TCTTTTCCCATAGTTAAAACA,40
AATGCAACCATTACTGCATTA,1
GTGGATATCAAAATTCATAGA,34
ACTGCTTCTAACCAATGAAAA,1
AATAGGTACAACTAGTTTCAG,1
GTCCCTCACCAGTAAAAATGA,4
ACCCCGTAGCGGCCCATGCCC,4
AAGTATACATTTACTTCGTGA,1
ACTGCCATATATTTGGAATCA,2
GCTTTGTCTCCATTAGCATCA,1
CCACAGTGGTGAACTCTCAGG,1
CCTTTCAGATGGCAGCTGTGA,1
TGATGTTTCATTTTATTTGCA,1
AAACCCAGAGTAAACAACTCT,2
GAAGTGGCCGGAGAGATCGGA,1
GCAGCCAGCTCCCCTAGTCCA,35
AGGTACTGTTATTGCCACTAG,20
ACCTGAGAAACATCACTTACT,1
GGCCAAGCTGTGATTGGCAAC,1
CAAAAAAAAACATGATGAGAA,1
CTTCCAGTGCTTGCCAGCAGC,5
AAAATTAAAATAAACAAAAAC,1
ACTGAATGCTTGTGTCCAGAA,2
GACGTAGGCTCTACATAAATA,2
AAGCCTAAATATCACTCTCCA,1
AGTACCTTTGGAACAGTGTTG,1
ATTTTCTGAGACTAAGAGAGA,2
CTTCTATTTCCAACTCATATC,1
AAACCTAATCATGCAGTTAGC,1
CCACATGAAGATCCGCTGTAA,1
CCTCGTCGAAGCTACCTGCCA,37
ATACACTGCTTGGAGCTCCTC,1
TCCACGTGCCTGCCAGCCACA,1
AGTTCATTGACAGATTTTGGC,4
AGATAGACAGGTTCCTGGGTA,1
AGTGGCACAATCATCATTCAC,27
AAGAAGAGCAGAGTGATAAGT,1
AAAGAAGGCATGTAGGCTAGG,1
AAAACTCCTTTTCAGACGGGC,1
CGGCCACCCCCCCCCACACCC,1
CCTTGGCCATACAACCCCTAC,1
CTCCTATCCCCAAATCCTTGA,1
CCAATGCTAGTTTCTTTCACA,1
ATACAAAGTTTTTTTTGAATA,1
TAATGCAACTTTTTAAAGGAA,6
AGACTTGCCGGGCTCGGCCCT,2
AGCTTCATCAGGACTGTCCCC,31
CAACTTTACATCAATCCTAGA,1
AAAAGAAAATGTTTATTGTGA,1
ACAACCTCCAGTGCCCAAGGC,54
GAAGGGAGCAAGAGAGAAAGA,2
ACTCGAGATGCCATTAAGCTC,1
ATCATAAACCATAAATGACTC,2
GTGCAGGTTTGATATATGAAC,1
CTCTTCAAGCAGCACATTAAG,1
CTGTTCTCTTAAAGGCACTTA,1
ACAAAAAATTGACAAAAATTC,1
ATGAATTTAAGGCCCAAAGAG,9
CAGTCTCACTGCAGCCTTGAC,1
CTCTGACATGATGGATGCTGC,19
GCACCATTTTTACTAGAGTGA,1
AATAAAATATCCTCTCATAGC,1
GCACATCCTGTGCTCAGTACA,2
AAATTTCTCAACAGATAAATG,1
AGCCCACAAACAGGTTATCCA,1
ACCTGGCTACTGTTCAGCAAG,7
CTGAGCTTGCCCTCCACCAAG,15
GTCTCTTTTTACAATTTTTGA,1
AATAGGTCTACGTATCAGCAA,2
AAATATATGAAATATAATGAT,1
GAGAACATTAGAGGGATATAA,36
AAACAGGGCCTATTTAGGGTC,1
AAGCCCATCAGTTCCTCAGGA,13
ATTGAAACTGTACACCCACAG,1
GAAGCCAGTCGGTGCTACAAC,1
GGAACCTTTGGGGAGAATTTA,1
ATATTACACCTTTGTCAGATG,11
GGAATTTAAAAATCAGAACAA,3
CACCCTGTGTGTGTCATCCTG,25
CCAAGACATCTCAGGCCTCAC,1
AAAAAAGGCATTTTAGAGATC,1
AACATCTGAAGATGTGACCTG,2
ACTCTTGCCGGAATCCTGACG,1
CCTCCATGTCCAATCACATAA,2
CTTGAGACACTCTTCGGTGTA,5
ATCTCCCTCCAGTCCCCTAGG,2
CTGCCAGAAGAAGCTTCTCCC,16
CCAGTGCTGTTTGTTTTTTAA,1
ACATGAAGTCCCCAGATTGCT,1
CCGCCCCCGGAGCCAGAGCGG,1
TAAATATGTTCATGACAATTA,13
ACCAACTTCCCCCCTGAGATC,1
CAAGTGAAACACCACTTTTCC,1
CCATCAAAAAAGTAAAAGTAA,1
CAGCAGAGAACAGCTGTCAGA,1
GGCTACCACTGGACCCTCGGA,2
ATTTTCCCTCATCGTAGGCAG,1
AGGCAGGAGGCAGGGAGCAGG,12
GTTTCCTCGTTAAGTGCCAGA,9
ATCTAGGAGATTTATGTGCAT,2
GTCAACCTGTTCATATCTGGA,23
TAATAGGGAGCCAAATAATGA,1
TGCCCACCATGACCCAGGGCA,1
GAAGGAATATCTTCCGAGGAC,44
CCTCAGGCGGTCTGATGAGAG,38
CAAAGAGAGAATCACAACAAA,1
CAACAGTTTTTCAAACCTGAA,1
AAGACTCAAAGCTAATCAACC,1
ACCGTGCCTGGCCCAGACACG,1
GGAGGATCTCTAGTGGGTCAC,1
CCAAACCATTTACTGCCCTCA,1
TCAAGAGCACATCACCAGTAA,2
GAGGACCTCTTTCAGCAACAA,1
CCCCCCCCTCGCCTCCTGCAC,1
AATAATGAGACAAGAAGAAAT,3
ATTGTAAATCTTCATTGATGG,49
GTTTCGGTGTGAATGCCAGCA,29
CAGGGGTTATTTGAATTTTTA,1
GCCTCGGGAAGCATCCAATCA,3
ACAACGGCCTTCAGCCACTTG,1
GGGCCATTAAGGAGGAGCAGA,6
AAATTAGGGAGAAGGAATCAG,1
ACTAGGAGCTTCAGGCAAGAC,1
TCAGTGTTCAAACTTCCCTAA,2
AATGTATATTGCACCTAGTTC,1
ACGTGGGTCCCCCTCCCTGCT,2
ATTTAAGAAATGTTGTGTCTA,1
CATAATTATATTAAGTTGTCC,2
ACCTTTCAATTGCTGATATAA,14
TCTGCACACCCCATCCCACCA,1
AAAATGTTAACCCCGGTAATC,1
CCGATCTGTGAGGTGGATTAC,1
AGGAAGTGGCATATGCAAAGG,2
ACGAGAGAGGAAGAAAGTGGG,1
ATGTAAAATCAGAACGGGGGC,22
CAGCCAGGGCCCTGTTATTAA,3
GGTCCTTTTCAAGTAGAAAAA,53
CTTCCTATATCTACGCTAGTC,1
CTACTTAAAACATATTTGTTA,3
CAAATGTGTCATCTTTTCAGC,24
ACCAGCCCTGAGACCATGCTA,2
GCATCACTTCCTGCCCCAGCC,2
CCTGCCATTTATTTAAAAACC,1
AAAAAGCACTTGAAAAGGCTC,1
CTTTCTTCTTCCCCAACCCCC,1
AGGCAGAGGTTGTGGTCAGCC,3
CGAAGTAAGGTTCTCAGCTGA,1
ACCCAGTTGGCCTGAGACAAC,1
GGAGGGCTCCGCGGGGCAGGA,1
TGAAGTGCAGGTATGATTTAA,3
CCGCTCGATGGAGGAGTGCCC,1
CAGACAGGAGCACAGGCGGCG,3
ACAGAACACTAGAGGAGATGC,1
AATTTTAGTAGAGCAAGAACA,1
GGAGTCTCGTCCCGTGGCCCA,2
ACTGCCTGGTGCGGAGAATGA,1
CATGCCCACCTCAAGAAAAAA,8
CTGTCCAGGAGACTTGTCAGA,3
GGAAGCTACTGGAATAATCGA,1
TCACGGGAGTGATTTTTCTGA,2
ATAGAGTGTGAAGCCTGAGCC,1
CAATTAAAATTTTAAAATTAC,1
CAGGTGGGGACACAGTGCTCA,21
TGATATTTTCTCCAGACATAA,1
GTCTCTTTAATTGTTAAATTA,1
ACTATGCAAGATCGGAAGAGC,9
AGATCATGCACCAGCTGGACA,132
CACGAGGACACGAACACCAAA,1
AAAAAACCTAGATATGATCCA,1
AGGAAGAAAAAAACACTGGGA,1
AATGTAGAGATGTATTTGTCA,1
CCCTAAAACTTAGTTTCTTGA,2
CGTCTGCTCCTCCAGCACGGC,1
AAGCTGTAAGAAGAGGGCCAC,1
AGCAGCTGGCCCAGCTCTCAG,1
AACAAACAAGGATAATAAATG,1
ACAGGCCCAGGAGACTTCCAA,60
CCCAGTCTACTATTGATGTGC,1
GGGGGGAGGAGAGGAAGACAA,4
AGCCCCAATTTTCCTTCTAAG,1
GAAAAAAATCAATTCCCAGCC,1
CATGCTTTTATAAATAAAAAG,1
CAGGGGACGCACAGAGCCTGG,2
CCAACTGCGGAGACCCGTGGC,33
CAGAGGCTTCCTCCTGAGAAC,1
GGTACCCATTAAACATCCCCA,1
CTGAGAGGAGGAAGATGCTGA,24
CTTAGTTACAGCAACAGAAAG,1
AAACCCCCTCATTTCACAGAT,2
AATGGCTAAAACTGGGTAATT,1
CCAATAACATCAGAATTCAGG,2
ACTTCACAGCTGCGTAAACTG,1
CACAGTACTAGCTTTTGCTAA,2
CCACTCTTGGCTGGTTGGACC,43
ACCAGGTCCAGATCATTGTAG,1
CAACGTAGTACCCGGGTATCA,1
CTCAGGCAATAATGCCGGTCA,1
GTTCCTTCCATTGCCCCAGAA,1
AAGAAGTACAGAGAAGAACAA,1
TAATGAATGTGGGAAATCAGA,1
CTGACCTGATCTTTCTCCCTC,2
CTCTGCCAAAAAACACAGCCC,27
GGGGGCCTCCCAGTCTGCTGA,6
AGTGGGGTCCCAAGCAACGTG,1
GCCTCTATCACTAGTTTGACA,1
CATATTTTGGACATTAACCCC,2
GACTGAGGCATGGCGGGCTGC,3
AAACAAATATATTACTATCTT,1
AAAGGAATTCAGGGGGGATTG,7
ACCATCACACAACTGCAGCAT,1
AGAGAATTATCTATAACTTGA,1
AAGGGGAGTCCGTCATCCTGC,1
GCCGCAGCCGACATGCAGGGA,1
AGCTTAAACTTGCTTTTTCAG,2
CACACCCCGCGAGCAAACGCA,1
CCCCTGGCTTCAGGATTCTAA,2
CTATAGCCAAATGGTGCAAAA,1
CCCAGGAAAATCCCAGCTGAA,1
AGCACACCTAACCCCTATGCC,1
ACACAAACAAAACAAATTGTA,1
CTTCCGATCTCTGGGCTCTGC,12
ACAGAAGCTTCCTGGCCACAA,30
CCCACAGGGCAGGGCACAGGG,1
ACACTTGTGTTTCATTCTGTG,1
AGCTGAGCTTCCACACGTTCA,16
CATTGGGACAGTCGTACACGG,1
GACGGGAGACCCCAGATCCCC,17
TAAAGAAAAGACATCTTGTTA,2
AAAAAGGTGGCATTTACCTTA,16
GCCTGGACTGTAGCCCATTTA,2
ACAATTGCCCATTCCTACTAA,1
AAGGCACATGGAGGGGGAGGG,1
TTAGAATGAAGGTGGTAGAAA,1
AGAGCAGGAGAAAGGCAGGCT,1
CGACAGCCCCATTGTTTTCAG,2
CTCTGCATTATTGAAACAACA,1
ATTGAGGGAGAAGAACGGGGA,1
TACAAAATAATATTCGAATAA,1
AGAGTGAAAAGACAACCTGCA,1
CTTATGAGAGTCAAAGACTTC,1
GGATAGGAGGAGAAAGAAAAC,10
GATAGGACTCAACCTAGGACC,2
GCCACACACACGGAGACATCA,1
GCAGGAGCTGAACCTAACAGC,15
CACAGTAAACACCTATTTAAA,1
GCACGAGACACGGCTTGTGGC,3
GTATGTACACAGAGAGCACAA,1
AAAAAAAAAAGAAAAAGGCTG,3
AGCCGGTCTGAACCGTGGGAG,1
AGGCTGAGGCCGCCCTCCCTC,1
ATAGAGCAAAGTGTCAATGAC,1
TACTGTACCCTCCGTGTCCCA,1
GGCAAACCCGAGTCCCGCCGA,1
CCCAGCGGTTGGGGGACAACG,1
TCTTCTTATCAATCTATTTAA,1
AGTGGCCTTGGCCTAGCTCCC,4
ATGACTTTACTGTAGATACAT,1
AAAGAAGGTGTTTTATATTTA,1
AGGCTGTCTCAGAGAACAGAA,1
AAATACCACAACAGCTGTCAT,1
ATCAGATTAAATTGGACCCAC,1
AATCTCATAGAATGTATTTGA,1
CCAGAGCTGGGGGAGGGGGTA,5
AAACACCACTTTTCTATTTGG,1
AATAACGAAGGCAGGCCTCTG,1
CTGTCTTATGCACATAGTGAA,27
GAGGTGAGCAGAGGGCAAGCA,2
CAACATCTGGGAGGTCCAAAA,1
AACTGATGCTAATGTTTATGA,4
ATATTAACGCTTCCAGAAAAA,1
ATTTGCCATCATGCCCAGCTA,5
CCCTTCTGAGCATGGAGAAGG,1
CCGTACCCAGCAGCCCAGCAC,1
CAGTTCCAAGGTCACTTCCAC,2
CCTTCATTAATTTAGGAGATC,1
CCCGGCACCGCGGGCAGGGGA,1
ACTTGGTATAAGAGTATGAAA,23
AAACGGAAGAGTTTTTTAGAA,1
AGCTCTGCTAACCTCAAGGTG,1
TGCTCTCAAATGCGAGGCCCA,17
CTGAAGGTTAAGTTCCTAGAA,48
ACAGCTTTTCCTATGACAACG,1
GAAACAAATTGCTGAATATAA,1
TCCCCTTCCTCCAATCCAAGA,1
CAGGCTAACATGATGAAACCC,2
AAATCAAGCCAAAACCACAAA,17
AGCACCTTGGGCTTTGAGCCC,1
ATCTTTTACCTAGAAGGTTTC,1
CGAGCCTTGGACAGTCCAGAG,1
GACATTGATTCATTCCCCAAC,1
ACCGGGAGCCAGCGCTGGTTG,90
CTCCATCTGTCAGAGACAAGA,3
GTGCCATGTGTGAATCCTCCA,29
ATGATGAAACCAAACACTTTA,1
ACAGCTTTTGGGGTACAAGAG,1
ATACCTTTGTACAAGTTGCTA,3
CTAAAAAAAGAGAATCGAAGA,40
ACTGCCAACTCTCAGGAAGAG,1
AGAGCCTGGAGCGTGTGGGAG,2
CAACAGGCCTCAGCCTGCCTC,4
CGGGGTCTGTTGGTGGGACGC,1
GTATTTTGTCTACAAGCTAAA,1
CGCCTGGCTCTTTCCAACTTC,1
TAAAATGAAGCGGAGACAGGA,1
AGTCCTGGTTGGTCATGGTGG,2
CATGGTACCTCTTGGCCACTA,30
ATCATTACTTCTACTTTACAT,4
CTTTAGCTGTCAGCTCCTTCA,2
GGGCTAATTTCTTATGAAACA,3
TAGTTTCATATTTGATGTACA,1
TGATGCTTCTACTGGAAGAAA,121
AGTTCCTTTTGTTTTATTCAT,2
TCAATTGTGTCTCCTCATAAA,2
ACTCACAGAGTTCATTGTTTA,1
GACTGTAACAGAAAAATATCA,1
AATTCTATAGTAATTAATTTC,2
ACCTGGCTCTTGGTTCATCTG,1
AGACCCACCAAGGCAGGGGAA,1
CCAATGCACCCGGCCTAGTAG,2
ACACCTAATGAGGGAGGTAAA,1
CAATGGATTTTCCCCTGGGAC,4
GGACAAGCAGGGCACGCGGCC,1
CAGTGAGTTTGAAGCGGGGGC,1
AGCTAAGACTACTTCAGGCAC,12
AGGAAGATGTGAAGGCTTTCA,24
AGTTGTCTAACATATTAATAC,1
TCTAGTTGAGCCGGACTGCCA,1
AGCAGTTATTCACAGTTATCA,43
ACCCCAGGAGAGAAGGCAGAT,1
CTGCTTCAAATCATGATTTAA,2
CTTTCAATGTGCTGGGATTAC,16
ACAACACCCTACTCAGGTTTG,1
CATTTAACTTATGAAAACTTC,1
ATTCAAAACACCCCCCCTCTC,1
CTGATACATTTCTTCCCTTGA,2
GAACAAACTGGTTATTAACCA,1
GTACCTTCTACCTCAGTGAAA,7
ATGAAGAGATTAATCAAATAA,2
CAGATGTAAATGGGTTCTACA,1
ACTCTCTCTCTCAATTCCGCC,1
AAAATCCCAAATTAAAGCAAA,1
AGCCCCGGTCCTATCTTAGAG,37
GCAAACTGCCAACCTGAAATA,2
AAGAAAAACACAAACAACCCA,1
CTAATCACAATAAACGAAAGA,2
ATTATAACTTGGAAAGACAAT,1
GTTTTTTGTAGATTTTGATGA,1
AGGCCCAGAGGAAGCCTGGGG,1
CATTCTGTGCCAGAGTTAACC,1
CTCTGAATAGTAATAGTTGGA,1
TATCTAACTGCAGCTTCGAAA,1
AGGAGAGGACGGAGATCGGAA,1
CATATATATTCATATACCACA,1
AACAGATAATATGGCCAGTGA,1
ACTTTGGGGGACTGCAGAATA,1
AGAGCCATATTACCACAAACA,1
AGTGGGAAATGGCAGTAGGAG,1
AGAAGCAATTTCTACCTATTG,1
CAAATACAAAGTTCTGCTATA,1
CACCAGGAATGAATGGAGCCA,11
CGCTGGAGGCGTTCTAGGGGC,1
AAACACTTGTAGTAAATCAGG,1
CCTGCCTGGTCTCTGGTAAGA,1
AGGGGCGAGGCTTCTGTGAGC,12
AAGTTCAATATATATAATTCA,1
CAGCCACCCATTCGAGCTCCC,1
CCAAGAAAATCACTGGCCACA,2
GTCCTGTTGTATACCCTAAGA,1
AAGAGAATTTAGATCTGTATG,1
AGTCAGGTGTGGTGGTGAGCA,11
GAATGGAACCTTGGGTGTTGC,1
ACTCTGCAGCTCCGTTCCTCA,34
GCCCCCTCTGGTCCCCATAAC,4
GCTCCTGGGCCTGGGTTCCCA,2
ACGGCAACTGCCTCTACAGAT,1
GAACCAAGGTGCGGGCGCTGC,2
ACCAGCTAGAATAGCAAGAGT,1
TGCAAGGTAAAAATTTATAAA,1
AGGTTCGTCTGCTGCCTCCAG,1
GTGAGAAGCTCTTCATAGCAC,2
ATCCTCAAAATAGATCGGAAG,4
ACGTAATTTGATGGTAAAGAT,1
AGACAGGATGCCATCCTGGCC,22
CTACCAAGAGGCCCAGGGAAG,1
TAAGTGAATAGTGAGCTTAAA,33
GAAAGTTTCTCCCTGGCCCTC,1
ATAAGCCAGTCATTTGTCCAC,1
ACCGGAAGCCTGCCCTACCCC,73
AATAATTTTGCCAGGGGAATT,2
CCAGACAAGACCCAGGCCCCC,1
CCCGTCTGTACCCGCCCAACC,1
AAAATATTTTGAAAGGACATC,1
ATGTTCCTGAGCACATTCCTG,3
CATAATACCTCTCTGAGATCG,1
CGGAGGCGCAGAAGCAGCAGC,1
ATACACGTACAGTGCTTAACA,1
GTGAGAAGGAGCACACCGCAC,1
CCTCTTTCACATCTTTGTTCC,10
CGGGGGGGACCACGGGGACGC,1
CGAGAACGGCGCGGGAGCTCC,1
GAGAGAGATCCTGTTTCAAAA,1
GAGGATCAGGCAGGGGAGCAA,2
AAGCTATAGATTGTGAGAAAG,1
GAAAACACCACCCCAATTGCA,1
CAGTCTCTCCAGAATTTAACA,1
CCCGGGCCGCACCGCACCCCC,1
AGCCTTTCAGCTACCATGTGG,1
CCCCGCCCCCTTCCAGGCTCA,1
CATCAGTCCACTGGGTGATAC,1
TAGCTGCGTGACCTTCGGCAA,2
GTGAATTTGTTTAAAAATGCA,1
CTTTCCTGTGTCTTGACTTAC,2
AGAGGGAACTTGGGTTTTACT,1
AGGCCACCTTCTCCTCGTTAG,1
ACCATCTCCATCCTTGTCAAA,30
GGGAGACTGTGCTGTGTGTTA,2
AAGAATGGTCTGCCTTTTATT,2
AAGAGCATAGTGATCTGGAGA,1
CTTGAAGAGTATGTTCTATCA,1
GGACAAGAAAACTGAAATTCA,2
CGGCCCTGTGCCCTACATCCC,6
GAGCGGGGCCGGGTCGCAAGA,6
TACACGTCTGCTATGTATCCA,2
ACCTCCACTTATCCTGTATGA,1
ACACTCACCCCTTTTGCCGGG,1
AGCAGGAGAGGGATGTCAGAT,1
CTGGCCGAAGTGCTAAAGCAA,1
AGAAGAGAATCAGGGACAAGA,1
ACCACCCCTTCCACGGCCATG,23
ATCCACAGAGCAGTTCTCATG,24
GAAGTAACACATGGCTGTGAC,2
ATGGTCACTGTAGCACATAGC,6
ATAAATAATTACCTTAAGTAA,4
ATTTGTCAGTAACATGACAAA,1
AGGCTGGGTGTGTGGGGGCCA,14
AATTTACTTGCTTCTAACAGC,4
GCCATTGCACTCCAGCCTTGA,18
ACTAAATCTTGACCTTGGCAC,1
AAGTGAACGTATATCTAAACA,2
CCGCCGGGGGGGGGCCGCCGA,1
CTGCTCCACGTGGCAGCTGGA,3
CAACCCCGTACAAGTCTCTGC,4
TGAAGAATCAAAAAATCTAAA,11
ACCAGAATCTCATAGCACAAT,1
AATATAATCATCATGAAAGTA,2
ACCCAGGTGATCTAACTCTTG,5
AGGGGTGCTGTCTGGCTCATG,1
AAAGTACAAAGTGCTATACAA,2
AGTGCAGCTGTGTCTGGACAC,2
AAGCTCTGGCTCTGCGATTAC,1
ACCCTGGGTCACCCACAGGCC,1
AGCAGGTAAGGACAGTTCTAG,1
CATTGCGGTACAAGGTGATCC,1
GATCTGGAGTGGGTTTAGGTA,2
AGTGCCTCAGGAGGCTGAGAT,1
GGATAATTCCATTTGCAATAA,1
GAAACCGAGGACGGCAGATAC,1
AGAGGGCAATCAGATTTAGTG,1
CTCTATTTTATTCACTGTATA,1
AAGCGTTGGAGATCATGAATG,1
ATCCCAGACCCTAGGGAGGCA,1
ATCCTTCAAGCTATTATTTTC,1
CAGACCAAAGTGTGAAGAAAA,1
AGTAACCCAGCCTTCTCAAAA,21
ATGGAGTCTGGAAGATATTGC,1
CACTTCCTGAGGAGGGCACCA,1
GGGGCCCCCTACACTGAGCAC,2
GGTTGTGTTCTATTTCTTGAC,8
ACTGGAGTTGTCTGGAGACCA,17
ACAGAAAGTACAAATATAGTG,1
ATATATTTAACTGGTCTCCAG,1
AATTACAAAGAAAAGATCGGA,1
CTCTGTGTCTGGAATACCAGA,1
CTTACATGTGTGTTTTCCCCC,1
CTCAGCCAACATTTTTATTGA,3
CAATCACAGACTCGATGGCCA,21
TAAAATTTTGCAGAAATGCTA,1
CTGTAGGACCCAGGGGGATCC,32
TCTTCCTCATCGCAGTCAGCA,1
CACCAGAATGTAAGCTCCATG,3
AGTTAATCAATGACCAGTTAA,1
AAAAAGACTGTGGCCTACAGG,1
AGGAAATGTTTTCAAAACTTC,1
TCCATATGAATAATAACTTCA,1
AAACTCAGAGAGAATTGGTAC,1
GCCTCTGAGACTGGGGAACAC,21
AAAAAAAATAGCAAACTTTAA,1
AACCCAGTTAGTTACTTCCTG,26
AAGCTTTAGCTATAATAGAGT,1
CCAGCCCACACCCTTCCACAC,1
CTCGGGAAGTCTACCATGCCC,1
CACAAAAATAAGTCACAGATG,18
CCTTCTATTCAATGTGAAGCA,1
AACCCTAAACCCGGAACCGCT,135
AGCTCTCTAAAGAACCTGCAC,1
TCTTGACTTCCCAGTCCCCAA,1
GAAGGAAGGAAGGAGGAGGGA,32
ACTTAAGCCCAGTAGGAATAA,2
AGGAGACACAGACTGTCGGGA,1
CATGGCATCAGCAATTCAAGA,1
AGTCATCAGTATGTCCCAGGA,27
CGCTGCGCTCCGGGGCAAGGC,1
AAAAATTAACCAACTGATCCT,1
ACAGTTTGTTTCATCTGATGG,2
CTACCATAGACTTTATAAACA,3
CCACCCTGAGTGTCATCTACC,1
CTGGTCTTCTTGGTAGGATCA,9
ATTAATGTAGGATCTCTTTGA,21
GAAGTCAGAGGAACCCAAAGC,2
GGCCAGAGCATCCGAACAAGA,30
AAACGGCCTCCTGAACCCTGA,7
ACCGTTAACGCAGTCCCCTTC,30
ATTCCAAATTAAGAACCACTG,1
ACAGACATGCTTCTGTGTGTG,3
CCCTCCCCACCATCCCAGCTC,4
CCGATCTCATCTCCAGCACCA,1
ATCTGCTTGGTGCTCAACGGA,2
AGGATTTGGGCAGTTTGTCCA,15
CCCTTGCCATGTGATGCCCTC,2
ATCACCCTCAACCAGGTCGAT,1
GAATAGCTGCTAAAGGGAGAA,2
GTGTGCTCATAATCAGGGATA,1
GTTTTCCTAACGGATATGTGA,31
GATGATGTTCCTTTTGCAGTA,1
AACAGCTGTCTCCTATGAAAC,1
GCCATCTCGGCTTCACTGTAA,2
GAGTTCTTTATAGATTCTGCA,2
ATTACAGTCATTCTATATCTA,3
CATGCAAATTGCAAATCAGAA,1
ACCTCACACATGGGGCAAAAG,2
AGACGTCTTCAGAAACGGGGG,4
GAGAGAGGGTCTAAGTATGTA,1
CTTAGGGTCCGGGCCCTTCCC,2
AGTTCTTTAAGCCTTTGTTTA,11
AATGAAAATCTGGTTTGTAAC,42
ACACTGTTGTGAATCTAGTAG,1
CAATCATACGTATATACTGCA,57
GGTGAGAATGTGGATGGCCAC,1
AAATTAAAAATGGGGGCCGGT,1
AGCTACCCAGCCGCCTCCCCC,1
ACCTGGAATGTGTCCTCCTGC,1
CCGTTCTTGTCTCCATGGTAA,1
CCCTGATCTACCACCAATCAG,1
ACAGTGGGGCCTTGTGAACGT,1
ACATCAGTGGTATCCAGGAGC,1
CCAGTGACCCGTTTGCCTTCA,2
ATAATTACTTTTTTTTGGTTA,1
CACTCCCCACCCTTCCTGCCC,1
TGGTGCTTATTTTCCTCTACA,2
AATGTTTTATTTTTCCCACCC,1
GCTGAGCTGGGCCGGGGCTCC,49
CTGTTTCTGTGTTGGTAGACA,1
CCTGTAAGCCGGCTCCCGATC,1
GCCCTGCCCAAGCTACTTAGA,1
AAAGTATATGAACAAGGGGCA,1
CGTTCTTTGCGCCCTCAGCCA,1
ATATAGAAATACATAAAATAA,7
CGGCCCAAAGCACAGGGGGAA,1
ACGAGGAGGACAGGGCAAGCC,3
ATCTGTATTTTTATAGTGCCA,1
AGAAAATCGGGAAATTGGCCT,1
GCATTGTCCCTGGTCCTGCCA,1
TAATTAATTAATTATACTAAA,1
CTTCAGGCAGCGTTTACTCCC,1
AATATTTTTTTTTATACATTA,1
GCGACCCCCCGCCGGGCCCCC,1
ACCAACCCTGTGCCCCAACAA,6
ATGTTTTGCTTTCTAAGCAAC,1
GACGTGAGAAGTGCTGTGTAA,2
TCCCCCAAAAGAATTGTCCCA,2
CTTAGTACATCCTGTTTCCCA,1
CCAACAGCCTGAACTGCCCCA,1
CCGCTCCCAACCACACTATAA,9
AAAACAAACTGCCATAGGAGA,1
CGTCTCGAAAAAAATTCCAGC,1
CCACCCACCGTCCTCTCCAGC,1
ATTGAGGTTTAGATCGGAAGA,1
AGCACTTGCTCCCAAGCCCAA,1
CAGTCTTCACTCTTTCTGAGC,3
ATATCAGAAAGTCAATTGGTG,1
CCATCTGCCTCCACAGAGCCC,4
GGTCTGGTGTACTTGCCCCTA,1
CTTCTGGTATCATGCTTAAGA,1
ATTCTCTGGTGTTGGATTGGA,1
CAAATGCATTTGGATGAACAG,1
GATGGGAAAAACTGGAATGTA,2
GCACCCCGGTGACCATGACGA,1
TCCGTATTGATCTCTCTAAAA,1
AAAGAGTTACCGTTCCCAGAT,1
AGCCGACTCCTCAGGGTAAAA,1
CAGGCCTCTATCTAGCTCAGC,2
AGGTTATATTATCCTCTAGTA,1
TCTTCTCCACCTAACGCAGAA,30
AGTTCCTTATTCCCTTAGAGA,1
AAAAAAAAATAAACAAGAAAC,2
GTGGAAAATGTATCTAAAGGA,33
TCACTCAGCCTGAAAACACCA,2
AGATCACTTGAGGTCAGTAGA,1
AGGCGGCCACGGGGACCCCCC,1
AAAGAAAAATATACATATAGA,1
CAGCGGCCGCTCCCTCGACTA,8
ATTTCCCAAATTTCAAATTCA,2
CTGGTCAGGGATACACAGCAA,1
AAGGAAAATGTGATTGCATCC,1
ACCCATTAGGGCTGAGGGCTC,2
ACTAACTTCAACAAATACACA,1
CTAGTCTGTCTTGTATGTTCA,19
CACCGAGCTGCCCCTGCTTGA,2
CAGCCTGGTGATCACACCCTG,2
AGGGGAAAGGGGAGGTCCGGG,1
CTGGCCCGACCGCCGGTACCA,1
CTTTGGCTAGACTTCCTTCAC,1
TAAAACCATCTGTTCTCCTTA,2
TAGGATATGGACAAGGAAGAA,1
ACTTGCCCAGGTAACAGTTTC,1
ACATCTGCGTCTCCAGCTGTG,5
CCCCTTTCTAGCTTAACATTC,2
ACCTACTGAACTACCCATTGC,1
CCCAGATTACAAGGCAAGCCA,1
ACACGCCAACCCAGCTCACAT,1
CGCTGCACTACAACCTGGGGA,1
ACAGATTATGTTAGTAATGCT,2
CCGCCTAGGGCCCGGTTATCC,1
ACCGTAATGCCCGCCAGAGCC,2
ACACTAGGGAAAATAAAAAAT,1
TACACACAGAAAAAAAAATGA,21
AGCCACCTCAACGAAGACACC,1
CAGGTCAGCAGTAGTCTGTGC,2
GGGGGTTGTTTCAGTTTCCAC,26
AAGGGCCAAGGCTGTGTCGGG,2
ATGCCAGCATTTTAGGAGGCC,3
AACAAAACCAACCACCTAGGA,1
CATAAATTTATCAAAAAAATA,1
ACCGAGTCTCACACGGTTTCC,1
ATGGGGCCGCCATCTTGAGAG,16
ATGCGCGCAACCGGCATGCGG,1
CGGAGATTTCACTCTCTGGCC,2
ATTCTAGACTAGTATGAAAAC,5
TAACTTCCAAAAATACCCTCA,1
AGCAAATGTGTAAGTGTCTCA,2
AGCAAGAAGTAGATCTTCCAT,2
GGGCCCCCCCCCCAAGATAGA,1
AACCTGATACCCTGACAATCT,1
CCGCCTGCATGGCGCAGCCAG,1
GACCACTCATCTTGGATAAGA,1
CGACTGTGACAAGGCCGTCTC,4
GTTGAGGATAAATGGAAATGA,1
ATGGAGAAGGCAGGGCCCGGG,1
CTCCTGAGGTGGGGAAGGGGC,84
AGAAAGGTCAGAAAGAGAGAG,3
AGCTAGCTTTTCAGGTATCAG,1
CAGGGGCGGGCCGCGCGGCCA,1
CATTACCCGACGCCCTGACAA,1
CATGCTCTCTTTTTGGCCTAC,1
AATCAATGGGGGGAAACACTG,79
CCACGTCCCCTACCACCTAAC,1
TTACAATGCTTGGCTTGGAAA,1
AATAAGGAAAAGATATCAATA,1
ACACATGCAAATTATTGGGTG,6
GACTTTTAAAGCTGGGTGATA,2
AAACAATACATTGGAAAATTC,1
CATCCTAATTATTCTAAACAA,11
ACTTCTTACCACAAGGCTCAT,1
ATTTAAAGGTAGCCAGACTCA,4
CCCAGCAGACCATGTTCAAGC,1
CAACAATGCTTACTTCTGCTC,1
ATATGCTCTAATTAGATCCCA,1
TCCAGACTTCAGTGTTTATAA,1
AGATTTATCACAGACATTACC,1
CCTGGATCCCAATTTATCATA,19
GCCCACGGGGCAGCGCGAGGC,1
CACCCCCACCCTCCATCCACC,46
TACAAAGAGGGTGCGATAATA,1
GGACATTTCACAAGATGCACC,16
AGCGCTGTGTGCAGTCCCTGA,26
ATCCCGCAATTACACTACAGC,1
CCCCGCCCCGCCCTGCCCGCC,11
ACACCACCCCCATACTCAGCA,1
GTCACCACAGGGCTATGGTAA,1
GTTAACAAATGTATTTTAAGA,2
GCCCTATTAAATGAGAGAGAA,1
GCTTACCCTTTCTTGGTGAAA,1
ATACAAAACCCAAAAACCCGG,1
CTCGCCGCCACGTGACGCCCC,1
TGCTGTTGGGCTTTTGCGGAA,2
GTAGCAGCTGGAGATACAGCA,50
AGTCAGAGGTTGAAGTGACCA,1
AAGGATGCAAAGGATTCTTAT,1
AAAGATGGAACTGGAGAAAGG,3
AGTGTCCAAGTTTCCCTTTAA,1
GCCCCAGTGAGTATGTGCACA,3
AGGTTCCATACGGTGACCCAA,52
GGCAGGCAGAAGCAGCATCCA,1
ACCCGCTGCGGGCCCAGCGGG,3
CCTGAGTGCACACGCAGGGAA,1
GGTTCTGGTGGAAGCAAATGA,1
AAAAGAAAAATAATAACCAGA,7
AGTACATTTTTCACATAAAGA,2
CTGTGATTTATGGAGGTTGCC,2
AGTATATGAGGTTGCCCGTGG,51
TAAGTAGTAATTATTAAAGAA,1
AGATCCTCCAGCCCCGGGCTA,12
CACTTCAGCAAGTGCACTAAA,6
CTCACAGTAACCTCTGCCTTA,1
AAAAAATATAATGATAACATT,1
TACAAGTGGTAGGATGGCAGA,1
ATAATCTAGTTCCTTGGCAGG,2
GGTACAGAGTGAACCCCATAC,1
CGGGGGCCCGGGATCGCCTCC,1
CAATAGCAATGCCCCAACATC,1
GCAGAAGAATATATATACAAA,1
GCAGAGAATCCGGCCTGCCCC,1
AAAAAAATGACTTTGTAATAG,5
GAAGAAAAAGCTCTTGCATGA,1
AACCCACTAAAGCTAAGAAAC,1
ACCCACTGAACACGCTATTCA,2
CCGCATTATCATTATGATAGC,1
CACTTCAGGAACTCTGTAGAA,1
GAAAAAATTTTACTTCTTTCC,1
ACCAACAAGAGGCAGGAACAT,2
AGGCTTACATGCCCCCCATGC,1
ATGTATATTCAACTTATTCCA,16
AGGTGGGCACCATTTAATCAG,1
ATATGGCAAGTTCTGCTGCAG,2
ACAGTGATTTTGTCTGCGCAG,1
AGGGTTGCCCTCGGCAGATCG,1
CCTGCCTTCGCCTATCTGGGA,1
CACAGGCCCGGGCCCGCCGCC,1
CCATCATAGGGCCTCAGATGC,7
GACCAAGGCTGTGAAGGTGGC,8
GAAAATACCATAGAGAGCTAA,1
ACAGATGGATGTCTGGATGAG,3
ATAATTTCAAGTGTAAAAAAT,2
CTGGGGGACATTGGCACAGGA,6
ACTTTTAAAATTGCTTTTGAT,9
GCTGTCAAGGCAAGTCATGCA,59
ACTCGGGAAGAGATCGGAAGA,4
CTAACCCCAGTCTTTCCAAAA,1
ATTTTTCAAAAAAAATCATGA,2
AATGCAGCATTCTGGCCAGAC,3
ACACAGACTAGATGGACTCAG,1
AGAGGAAAGAGCGTCCTCCAT,9
GATGCAAAGTGCGGCCAGGGC,53
GCAGTAGAGACCAACATGGCA,19
AAGGCCCAGGAGCCAACGGGG,1
ACAGCGACATATACAGGTACA,1
GTGAGTTAGCTTGTGATCTTA,1
AGAATTTATGAAATCTTATCA,1
AGGATGATGCGGGGTGGGCTA,46
AAAGTCAAAAGCAATACATAT,1
GAAATATCCAGAATGGGCAAA,3
CCCCCTGAGGGTGCCCTGGAG,1
CAAAACGGGGCTCTAAGAGTG,1
TCCGCAGAAGATTCTCAGGCA,4
CTGGACTACTGAGTTCTACAG,5
CAGGCGGCGCCAGCAGCAGGC,4
CCCAAAAACCCCAAGTACAAA,1
CGGGTCCAGTCCCCTCCCTTC,20
CATGTCTGAGATCAATATGAC,1
CCTGCTCCTCTCCCCACCTCC,1
ACCTTCTAAGTTCCCATTTAC,17
AGGCCCCGGGCATCCTGTCTA,2
CAAACCTCTGTCCCCATGTGC,1
ACATTTATGCACCAAATAATA,1
AGCTCCACTGAGCTATCTGAA,2
TGCAGTTTAAACATTCTAAAA,4
AGGCAGTAGAGTAGGCTCAAA,1
ATTGCTGCATGAACTCTCACC,2
AGGAAGAGATGATTTAACACT,1
CCAAGCCCACTCCATAGATCG,2
AACATTAGCCATGCATGGTAG,2
CTCCACTGACAATTGACTAAA,14
ACATATTCCTCCCCTGGAGCA,4
CACAGCCTCAGCTAAAGGCTC,2
CTGATTTAATTTCTGTCTCCA,1
GAGGGAGACTTCTTCAGGGCC,1
AAATTTGCTGCTTTATGTCAG,1
AATAATAAATCCTGTCATTTG,2
AAATCTGTTCCATTTCAGACA,55
CAAATATGGTGGGCTTGGACC,1
ATGACATCTTGTTTTCTGTAA,2
ATTCAAAAGTTACACAAAGTA,1
CCACCCGGATATAAGATGACA,1
AACTGAACAATGTAAGGGCAA,9
AATTTCTTGACCTAAGAGCTC,1
ACCAAGACACTGCACGTACTA,1
CATTTTGCTATTTATACCCAC,1
ATGTCAATGAGAACACAGCTG,22
TCTATTTTTCATTGGTATAAA,1
GAATTCACCTGCTCACTAAAA,40
TGAGAGCTCCACAAGAAGACA,1
GCCTTCTCTCATTCCATCTCA,1
CTGGTCGTCCTGGCACTGCCC,63
ATTGAGACTGGGCATGGTGGC,3
AAGTATCATTGGATGCAGATC,1
AACATAGCCATATTCCCTGCC,1
ATGCAGACAAAAAGAAGGAAA,1
TAAACATGGGTTAGGGTTCTA,2
ACGTTAAGCAGCATGCAAATC,14
ACAATTTGATGAGCCTTGGGA,1
AAACACCCAAATGAACAAAAT,1
TGTGAGTGAGGTAGCTATAAA,1
AGTTCCCAGGAAACGGAGGCC,2
GTCTGTGAGATTCTGGCCTTA,2
ATAAAAGAAATAATACATTAG,1
CATCTATAAGTCAGAAAACAA,20
CAGCCAGGCCTGGGCAGCAGG,1
GAAACAAAAAAAGAAAAAACC,1
CTTGGGCAGAGCAGAACAGGC,4
GGGAAAAACAAAACCCGGTAA,1
GCTTGCCTTTACATCTCGTGA,1
AGTTACCCTTTCAGATCACAT,2
CTTATTTAATCCTCACCATAC,1
CGTGAGTCACGCTTGCGTTAA,1
AAATGGTTGGCAGTATTCCAG,3
GGACGCCCCCATGAGATCGGA,1
AGCGGCCGAGCTGCGATAGAG,1
CCGGTGGGTGAGGAAACTCCC,81
AGGAACTTATAAGACTTATAC,1
TCTAGCTGTCAGGTGTTAAAA,6
AAAAATAAAGACCCAATAACG,6
GCCCAGCAAGCGGAAAGCAGA,17
AATAGGTAGAGATAGGAAGAG,1
GCATGGCAACATCTGACTGGC,1
AGAGGGCCACGATTGGGGATG,64
GAGGGATATAGCACCGTCATA,1
ACTCAAAATACAAAAACTTTG,1
TCAAGGACCCAGCAACGAGGA,1
CATGAGCCCAGCAGGAGGTAG,1
GAAGTGCAGTGATAATAAGTC,1
GATCTTCTCTCTCTGCTCTCC,1
CTCTGGCTGGTATTAAACTCC,1
AACACACCACAGACACCACAC,1
GATCCACTCGCCTCGGCCCCC,8
CTATGTAAAGGCCTGTCCCCC,1
CAGAATTAATATACAGGAAGG,1
CCTGAATCATTATTCAGCCTA,1
TGGTCTGACAAGATAACAAAA,6
CATGAGAGGTCAGCAGGGGTA,1
CATATTGTCATTTATCGTTCC,1
ACACCAAGCGGACTTAACCCA,2
AGGTAGACATTTTTGTAGGAC,2
AAGGGTATCTCAGTCCCCAGA,2
AGCCAACACACCTTATGTAAT,1
ATGAGGTTCATAGCTGGTGGG,1
CCCAGCCCACCCTCTCCCCTC,7
GAGGGATCCATAAGGTTGAAA,1
GAGTGTAGATGTGGGTTACCC,1
GGTGTGAGCCAGAATGCACAC,1
CTATTGACAACGGGGATTTTA,1
CCCAATGCCTGAGTGTCTGGA,855
AAAGCAACGGTTAGGTAACAA,1
CAGAGGTGTCTGCCCGCCCAA,2
TAAGCAGCTTTCCAAGCTCTA,2
ATTCTAAATTCATAAAAAATA,2
TCACCCGCAAACGGCTTCTAA,1
GATTTAAATAGATCGCAATGA,4
GTCAAGAAGGCCATAAATGAC,27
ACCAAAATGATGATGTGGCCC,1
ATCCCTTTGTTAAAATCCATA,6
AAGTTATGTCCAACTTCGTGA,6
AAACTACAACAAAAATTAGCT,2
AGACTGCAGCGAGATGGGCAA,26
AGAACTGAAACCCCCAGTGGC,1
CACTTAAATAATGGGATGAGG,2
GCCACGTCACTAATGGATTTA,22
CATCATTGCACAAAGCACACG,44
AACTGGGATAAGGAGGAGCTG,3
GAAGAGAACACAGGCCCTGCA,9
ATTCAACTTCAATCCTTAACC,2
TAAATAAACCAGCAAAAAGCA,1
GTGGTTAATGCTCTGGGACTA,1
AATTTTGGAGGTATTTTTGGG,1
ACAGAAGCATACAAAATAAAC,13
ATTGTGAGGTGCTTAAAAGTC,2
AAAAAGAAATTAAGAAATGGG,63
CACTGCCTCCCTGTCTCTCCC,1
CAGAGGGCTCTCAGTGACATG,1
AATCTTGCAATGTTTGAAGCT,9
CCACAGCAGCCCGCTCGTCCC,2
CAACTTGGAAAAAAATGGGAA,1
AGAGTCCCTCATGACCCCTTC,2
AGTCATCTTAAGTTTCACAAA,2
AAGATGAAATGAGGAAGAAAA,3
CCTCACAGAGGCGCCTTCCAG,1
GCTTCCTCTTACTGATTAGAA,1
AAAGCCCCCGGCCCAGAAGAG,1
CACACTGTGGTGTAAAACAAC,1
CCATGAGTGTAGTCACTGCGG,38
CGTTTATCCTTTGAGTTACAA,2
TCCGTGTGGGGACTAATATCA,44
AAACCAGTCCCCTCTCCATCT,2
AAGTGTATGCCTAAATCTAGC,3
CCTCCCCGTGGCTCACCTCAG,1
ATAACAAAAAAGACATTTCTA,1
CCCCACTGAACTCCCTGAGCC,34
GTGGTTGCCTCTAGGGAGGAA,2
ACCAGAGGGTATCGAGACCCT,1
CCGGTTATGGTAGCGGGCGCC,1
GGGGACTTTGCATCATGTGGA,1
CAACACAGGGTCCCAGGCCAC,2
CACAGTTCTTACAGGAGGACA,1
CCCAACAAGTCAGAAGCAGAG,2
ATGCACATTCTTATTGCATAG,5
GACTCAATAATTCGCTCCATA,12
CAATAGAAGATTTTTAATGTG,1
AAATTTTCTAAGATGAAAATA,24
GAAAGGAGTCGAAAGATCGGA,2
CTGAGCCTGAGATAGATCGGA,1
CTGAATGAAAAAAGCTGTTTC,1
AGCACTCACGTCCAGTTCTCC,1
GCATTTTTCTCATTGTCTTGA,2
ACGGGAGAGCCGCTGTCCCTC,2
ATCTGAAAATACTCAAAGGAG,1
TCCGATCTGGTGTGTGAGGCA,1
AGGAACCCCACCCCTGAGGTC,1
TAATATTCAATGTTATTGTCA,9
GGGTGGGGTCGGGGGGGGGGA,3
ACAATTTTCTTGTGACTCAAA,4
ATGCTTTTTTGTCTCCTTAGG,1
AGTGGCCTTGTGGGACCAGCA,2
TCCTTGGTGACAGGGGCCCCA,23
CCATGCTTGTCTGCAGCCAGA,1
GGATTAAAAAGAGAAAAAAAC,1
AGTGCCAGCCCAGTACAAACC,1
CGCAGGACCCGGCTGACACCA,1
CCGCGGCACAGCACGCCCACC,1
GACAAACTACAGACTCAGGAA,1
GAAAATCATCATGTTCAAATA,32
AATACAAAAAAACCAAGAATC,1
TAAATGTATAAAATTACATGA,2
GCACTCGCCCATACCGCGCCC,3
AAATTCACTAACACTAATGAT,3
TATGCAGACCACATGGCAAGA,1
ACACAGCAGGGCACTTGGGTG,102
CACAGACTCCCAGTAACCTAC,1
CATGTCGGATGCCAGTGCCAC,28
GCAGTAAGCGATGTTGGCACC,1
ACTGTAGGTGCTAGGGCAAGG,1
GGGTTGGACCTGCTTCAGCAC,1
CATTCTAGGGTGATCTGACCA,2
AAGATATAAACTGCAGGGACA,1
ACTAAAATCGTTAAAATAAAT,1
AAAACAACCCATAACAACCAG,13
ATGAAAAAATGTAGTATATAA,1
GGCTGTACCTAAAATTCCTCA,9
ACCTGGAGGAGGACCAGGGCC,1
AGCCAGAATAATCTTCATGAA,21
ATGATAGCTGATGAGCTCGGA,2
CAGCCCAGGGGCGCCCCCCTC,1
CCGGTCCCAGCCATGGCCCGC,13
GCTCCAGGTGTCCTCTGCCCA,6
TCCGTCGATTTTTGGTTTAAA,1
AAAAGCGACGGACGAGAAGAG,1
AAACTGATCATGTTTATTACA,24
AGACAGAGATGACAGGGTCTG,9
AAAGGATCTGGTACTTATTCC,1
GTGGCAGAGTATATGAGTCCA,48
AAATAGGGGCCCCCGGCCCCC,1
ATAAATCTGGCAACACAGATC,1
ATCAGTGAACCCGGCTTCTGA,6
GCAGCAGGTGCTTATAAAGAA,2
GAATCCGGTGCGTGGACCACC,2
ATAAAAATTAAATAATTTAGC,1
AAAATAAACTGTATAAATGAA,2
CGGCGCCCCCGCCGCGCGCCC,1
ACGAACTAGCAACTTAAGGAA,1
AACAGGAATAGAAATTATGGC,1
CTTGACCTTGTGGTTAACCAC,1
AGCCTCGGGTTTCAGAAAAAG,11
AAAAAAAGTTTTGGAATATTT,1
GTCTACCACATTCCAGACCAC,1
AAGTCAAGTCGCCTCTCTCCA,8
CATTGCTCCGTTGACATAAGA,1
CAGTGCCCCATCGTGTGCTTC,1
CAAATAATATATACAGGGATA,1
AGATTGTATGAAGCCACCCAC,6
CAGACACACAAACATGGACAC,1
GCGGAGAGCCCCAGATCGGAC,1
ATGGTGAAGAAAACATTCTGA,1
GATGTTCATGAGGAAGAGGAC,1
AAATAATTCCCACATAAACCC,1
CCAAAAACAGCTTTGGTGGGA,2
AGAGGAGAGGAGGACAAAAAG,1
CTGTGGGACCACAACCAGGTA,13
AGCCTATTTTTAAATAATTTA,1
CAATGACCCTATCCCCTGGGA,23
CCTCCTCAGTGTAAGCTTTCA,1
TCCTTATCTATGATAAAGAGA,2
CTTTCCAGCTCCTTGATGTGA,1
GCAGCAGAGACTAAGCTAAGA,4
GGTCAGCAGAATCCCGAAGAA,1
ATAGCAAATAATTACAACTTG,3
ATCCAAGAAGCTTTGCCTTTC,5
CTGTTGTTCTCAGTGTCTAGA,1
GGTGGTAGGGGTACTCCAGGA,1
AGTAACAGTGACTAAGATATG,4
GCTGACCTCTTCCCTAAAGTA,1
GGAGACCCTGACACGATTCCC,1
CTAGGCTGGCCCATGGGCTGA,1
AGTATAACATTGCCCAAACCC,1
AGGTCAAAAAAGTATACTATG,5
GTGCTTGTCCGGCGCCGGCTA,1
ACAACATCTATGCCATTAGAT,2
AGCCTCTTCATCGGTCTTACT,3
CTCCGGGGACGTGACGCCCCC,1
GAGGTCAGAATTTTTAAAAAA,18
CAACACACCAGCCACAGATTG,1
CACATCGTGCTCCTCATAGAG,1
AGCTGCAGAGATCAAAGTCAG,3
CACCAGAGGAGATGCAGGCAG,2
CACTGGGCCTGGTCGTTGGAG,3
GCCTCAACTAATTATAATTCA,1
CATGGTGAGATGCGTTGTGTC,1
TCTCTACAGAAACATGCAAAA,2
AAATGGGCCATATTATTATTA,1
TAGAGAAGTAGAGAAACAAAA,2
AATAATTCACAATAAAGTGCA,1
AAATCCATTTATTTTACATTG,69
AATTAGCAGAATGCCTATTTA,5
CGGCCTGTGTACCAGAGCCCG,1
CTCAAATATGAATTTGAATGC,1
ATTATTTAAAGATATAAAACC,2
ATATTGAACAAAATGTCTAAA,1
AGGTCAAGCGAGAAGCGTGCG,5
AGTGCCACCATGCGCCCCGGG,41
CTTTCCGGGCTGCCCTATAGA,1
AGTCCCAACTGCTTTGGATGC,1
AAAAGCCACGCCCATCCGGGA,7
GCACTATTTTCACACACAACA,4
AGAGGGTCATACTTAAGCCAC,1
TCCTCCAGCCCCTCCCCCCAA,1
AGTGAAATGTGCTACTCAAAT,1
TCCCCTGCGGGACAGATCGGA,2
CAGAAATGGAAGCTGAGTAAA,1
ACTCTCTCCTCTTGATGTAGA,2
TCCTATGTGAAGTCAGGAAAA,61
TCTGCTTCTGAGCTGCCACAA,1
TGTTTTGTATTAAATAATCAA,1
AACCATCAGAATGAAGAAAAA,11
GATGTGTATGGGTGTGTTTGC,6
CACCATGCAAGGTGGGGTCTC,47
CCCCCCGAAAGGGCGGGACCC,1
TGGCATGGTTGAACTAGACAA,26
CCTTCAGATTCAATTACAGTC,1
GTCAATTTGGTTGTGTTTGGA,1
ATGTTTTAAGACTGGCACAGA,1
ATTACTCTAACTCAATAATGA,2
CCCCCCCACCCCGGCGGCAGA,1
ATAGCAGACACTGAAACATGC,3
AAACTAGAAGACCAGTAAAAG,1
ATGGAGTCTCACTCTCTTGTC,1
GGATAATTCCCTTTTTATACA,2
CTGCACATCTATCTGTCTTCC,2
GCCAGCAGCGTCGTCTTGCCA,1
ATCTCAGTGTCCTCCTCCTTC,4
AAATAAGAATGATCTTTATTA,1
TAATAAAACCCTCATGCACAA,1
AGAGCAGGCAGCTTTTCTGGG,2
GCTAAACTGCTCTGTCAAAGC,2
TATTTCATTTATTTTTGTAAA,1
AGGGGCCTGAGGAATGACTTC,1
ACCCTCATGCCCATCTACAAA,8
ATCTACCAGGCCTTTCAGGAC,1
AAAGCCTTTCTGCCTTGTCCC,1
AACACGTAACTATTTAAGTAA,1
CCCTTCTGACTTCCTAACCCA,1
AATTATTTTTTTAGGGTCTCT,1
AGTGTGGCTGCCCTGGCTGTC,1
GACCCCCCCCCCGACCATCAA,1
GCAGCTGGTTCAGTCTGGGGC,2
ATTGAAAAAATTAATAAATGA,1
GGGGGGGGGGGCGGGGACCAC,4
AACATGACCGGTGACCGGCGT,2
GGGAGGGGGGGGGGGCGGCGA,3
GCAGCTGGAAGGCTCCTGGGC,12
GCTCCTCCGTGGCTGTAGGAA,2
ATGTCCAGTGTTAAACTTTAC,1
GCAGTGTGCCTATTTCAAACC,1
TTCCACTTTCAGCCCCGGGAA,21
AGAGGGAAACCCATATTTAAA,1
GCCGAAACCCCATCTGTACTA,1
CCACGTGCTTTGCTGGAGCGC,2
GTTTATATTTAATGCTTTGAA,1
AGACCCTTTCCTGACTGCTGA,2
AGGAGTTTTTTCTTACCCCAG,2
AGGGCTGGCTGCACGGCCCGG,5
GGGAGTAAAAACATGGAAAGA,1
ATAATGTAAAACAAACAACAC,1
CTTCCTCCTCCTCCGCCTCTC,2
ACTTTTAGTTTCTCCTCATTC,4
CAAATTCTGGGCCTATGAATA,1
AAAAACAGTGAGTCAAATCAT,1
ATAAACACCTTGCATACTGTC,1
ATATGGTTTCTAATGCGAAAT,1
ATCATGGAGTTTCAGCCACTC,1
AGGGGTGCCTGAGTCTGCAGC,2
GCAAGAAGCACTTGCACGTGC,1
AGGCTCCTTCTCCCCACCTGA,1
CCATGAACAACCTCTACCGTC,1
CCCCTCCAGGGGTATCCAGCC,1
ATCTTGTTTTAACCCCGGCTA,1
CTCCATGTGAAGCGAGAACGA,1
CCAAGGTTACCTGGACTTCCC,1
GTCTCCCTACTCCACCATTGA,1
GGGCTCAAGGCCGGGGTGGAC,1
ATGTGGTGCTGGTGGTGATAG,1
CAGGGGGAGGCACATCGAACA,8
CCCTGGATGCTTCTGGGTACC,1
CTCATATTGTATCAAAGTTTC,3
ACTTTAGTGAAACATTGTATA,3
AACTAATTTATTTATTTTACT,1
AGATGTGGTATAATTTGTGCG,1
CATGCCTCTTGCATTTGGATC,1
GCGCAAAAAGCCGCGGAGGCA,4
CACAGGGCCCGCCCCATAAGG,4
ATATGCATTAAGACTATTACA,1
CTGAGCGCTCGCCACCTCGCC,1
CCAAGGCTCCAGGCCCCATGA,1
TAGAATTCATAAGTTGAAACA,2
GCTCCCAGGAGATAGTAGTCC,10
AGGCGCGGGTAGGAACCAGGG,7
ATGAACAGGACTGCGAGGCGG,1
AGAGATAGGCCCGGCTCAGAT,1
ACTGCTTGCTTTATCTTTGAG,1
AACTCATTCACTGCAGGAGAA,1
CGTGTTGACTTGAACTAACTA,1
ACAAGGAATAACTATTGCATG,1
AGAGCCTCATGGAGCTGGGAC,1
GCCCCGGCGTCGCTGCAGCAC,50
GTTTTGTTGCCTTTTTCTAGA,1
ATACAGGACATGGAGACTACA,1
CCATACTAGCATCCTCATGAA,1
CTATTTTAATTAGTTTTCAAA,21
CCTTTCACTCCGCCTTCCAGC,1
GAAAGAAAGAGAGCGGAAACA,1
CTTCCGATCTATTCTGCCAGC,1
CCCACAAGAGTTACTGTCTGC,3
CGCCGCGGGCGGGTTGGGGGC,1
AAAAGTGATTCCCTGTCTTTG,1
AGGTCCTTTAGAGGGAAAGAG,1
ATGTTTTGTGTTGTCTGTTTC,1
AACCTATGCCACCCTCTGTGT,4
CCAAATCATTGCGGCTGGAGG,1
TAAAACCACATGATAACTAAA,1
CCAATGGTCACAGACATAGGA,1
CCACGCGGCACCTCAAGGACC,1
CTAATAACTGGTTAATATCCA,1
GCAAGAGCAGCAACAGGCCAA,1
TACAATCTGCAGGCACACACA,6
ATCAATGCTAACACGTTGAAA,1
AGAAAAACATAGATCATCCAA,1
CCGGCGGCGGGCGGCAGCAGG,1
CAGACATTACTGATACATCTA,1
AGGACTCTGGAGCCAGGCAGA,2
ATATACACATAAACATATTTA,1
AACATTTTTGCTGCCTTGCTT,1
GTCTGAGTGACAGCTTTTCAA,87
TATGTGTGCAGGAGACATGAA,2
AATTAAATCATTGCCATAGTC,1
ATGAATACTAAATAGTGAAGA,1
CATCTTTTACGTATTCCCCTA,1
GAAAATTCCAAACAGCACTAC,1
ACTCACCTTGCACCCAGAGTC,4
CGATCTACACGAGACACCTAA,1
AGGTGAAGACCCCATGGGGGA,1
TAAAAACTCAGAAAGTGAATA,1
AAGAAATTTACTCATTGATTC,1
AGTAAGACAGGAGAAGCTATC,17
GCTGTCTAGCCCACCACAACC,1
AAGACACAGAAACACAGAGAA,1
ACAAAGGCAAAGCCCACGATA,1
GCCTTCTGATCCTTGCAGCCC,2
AACCTGCAGTGTGGCGGCTCC,1
GCAGCGTGTTATTATTTTTCC,1
AACCCCCTCTACAACCACCAC,8
AGCGGCACCTCCCCCTCAGGG,1
AAGGAGGTACACATTTAGAGT,24
AGCTCCTAAACAACCCTTCTG,1
CAGGCTGTACCGCTGGCGGAG,1
CTAAATCCAACATCTGTGCCA,2
TGATTTCCCTGGTGGCTAGAA,5
CAGCTTTGGGGCCCAGGGCCC,4
CCACCACCCCCACCATCATCA,1
CAGGGAATTTCACAGATCGGA,2
ATTCGTTATTAGCTTTAGCAA,13
CTACAGAGCCCCTAAATTTCA,2
AAATATCATGCTTTGTTGCCC,4
GGGTCAGGGGAGAAGAAAAGA,3
ACAAGTAAGATGGGTAACTCC,2
ACTCAAAAGGGACATTCAAGA,1
AGGTAGTAGAGCTACAGAAAG,1
ATAAGAATTTTGTCGATAATG,1
AAAATGTTTTAAATTAGCCAG,11
GTAGTATCTTAAGAGCTATGA,2
AGGTCACCCCTGTAATCCCAG,4
GGTTGTAAGTGTAATCATTTA,2
AGGAAGAGAACATGGGAAGTA,49
AGGAGCTGCTCATTTATCTCC,1
AGCCTGGAATAAAATTTAGTC,6
TACGGAAAACACACACACAAA,2
CATGTGTAAAATAAAATACTA,2
GACCCTGTTTCTCGCCGCTGC,1
AACAACAAGAGGGACAAGCAA,1
ACAAACTAAGAAGAACATGCA,1
AACCTTTTTTGGGCAGATCGG,1
ATTTGGCAGGGTCTAGGACAG,2
CGGAATATATACAATAACAAA,2
CTCACACCCGGCTCGGACCCC,1
AGCCAGTCCTCATCTCTAATA,1
GCATCAAATGAGTAAACCAAA,1
GCGCAGGCTGGTTGGCCAGCA,2
CAAATGGAGGAAAGTCCAAAA,2
CAGTCCATCAAGAAGGAAGCC,1
AAAAATGGGCCACGCGGCTTT,1
AAGTAGCTATTAGCTATCGAA,7
CTCCAGCTGGTCTTTGGACAA,1
AGCATAGAAGATCTAATTAGC,1
CCACCTATCCAAATCCTGCTA,2
AGACAATCCTAAAATCACAGA,4
AGGCACAGAAGGGCCACTGAA,1
AGGCAGGGAATATTATTTCTC,1
AGGTTGAATTACGCCTACAGA,1
CCTGGTGGCTTATGGCAGTAA,1
ACTAGAAACTCTGGGAAAACA,4
ACTCTCATCTCTGGGATACCT,2
ACCATCAGGGATTGCCAGCAA,2
ATCAATAGAATAAACTTATAA,1
CCCGGCAGGTGGGGAGGCCGA,1
GGTGGGCGGCACGCTCTGCCA,1
CCCTCATGGGTCACTGACAGA,3
GGAGGAGGAGGGGGCAGGCAA,2
AAACTTTTGCTTTCATGAAGA,1
ATATTGCCTCTTCTTTCCTGA,1
TAATTATAACAATCTGTATCA,76
CCATCGTGGCCACACTGAGGA,2
AGAGTTCCTGATGGATTTTTC,30
AACAACGTAGGAAAAGATCAT,1
CAGGGTGAAGGGCCTGTGCCC,59
CGATCTGAGAGAGGCCCAAGA,1
GGTCGGAGATGTCTGCTTTAC,1
CAGTTCTTCTATCTCAAAGAG,68
CAGCCGGGTAAGCCATAACTC,1
ATAAAACGTATGTCTTGGAAG,6
GTTTTCAATAAATTATTATTA,1
TATGTAAACTGTTCATGTTAA,2
AATTTAATTTGCTCAGGAATC,2
CTGGAGCGTGACCAAGGCAGA,1
CACAGTAAACCCCTCCTATCA,1
ATGATGTCAAGCATGCTCTGC,4
ATAATCTTTAGACAACCACAG,1
ACACTGTCGTACCCCCAACAT,1
AGTATCTTTCTCTCTACTGAG,1
CTTTTGATGATTTACTGAGGC,1
AACCCCCTCATAGATACCTCC,1
AATAAGAACTGCAGGGAAACA,15
AAAAAACCAAAAAGACAGGTT,1
CCCCAACCACCTTCCATGCTA,1
CTTTCTTCCCAGAGCCCTCTC,4
CAAAACTGTGTATATTTGAGA,69
CCACTCTGTCCTGACCCTCAG,28
AAGGTGGTGGCTCTGCCGGGT,2
ACTACCTGTCTGTGTGAGCGC,1
GGAGCAGGCCTTGGGCTGCCA,4
GATTCCCAGGAACTTAACTAC,1
TGGGGGGGGGGGGCGGGGAAA,1
CACCACACCAACTCCCCCCCC,3
GTTTCCTGAAAAACAACTGAA,1
ATATCATAGTTGCATTCTATA,2
CAGTATGTGTTAGCAACGGGG,2
AAAAGCCAAAGATGTAGTCCC,1
ACTGGTTTTCTCACCATTTTC,3
AACCTTGTCATGAAACTTTCT,1
AAGGTCCCAGCTCCGTGCACA,5
AGTGTCGCTTCAATGGATGGG,1
CTCTCCCCCCCTCCCACTCCC,1
GTAGAATAAAAATAGAAATCA,3
AAATCTGAGCTGAAACTGTAG,1
AAGTCCTTTGAGTTTTAAGCT,4
GGATTTTCTTTTTCCTCTTTA,1
AATATGCACTGTTTTTGAAGC,1
CAAACACAGGAGGGAATGAAG,1
ACACACCTCCTAATGACAAAG,1
TCTGCCCATCAGGTGCTCCCA,2
CATGGAGCTGCAGGACATGAG,1
AAGTAGCTGGTCTACAGGCAT,1
AGAGCCTGTCTTGGTGTGAAC,2
CGTTTTTTAATTGCACACTAA,1
CACTGAAGTGGCTGCAAAGTG,1
CTCAGTTCTGCAAAATAGGGA,5
GGGGTCAAAGGAGTTGGGCCA,1
AGCAGGACCCGATCCTGGAGG,1
ATCGGCGACTCCAATGTGGGC,48
CTCTGTGCCATGTGCTATATC,2
CTTTAGAGCAAGAATTAAAAC,1
AGGTCACCAATATCAAAGACC,12
CCAAAAGATCGGAAGTGCGGC,1
ATATAATTACAGTGGTGGGAC,1
CTCTTTCTATGAATATCTTCC,1
TAAATTTTATTATAATTAAAA,1
CACTATAAAATCAAGCAAGCA,2
CAGCCTCGGTGGATCAAGTTC,1
CCCTCGCCCGGCGGGTTGGGA,1
GGCACCCACATGGGAGGATAA,2
ACAGTTTTGTGGTCTGTGCTC,2
AAGGTGAGAATCAAAGAAACG,4
CGGGGGGCCGACCCCCCCAAC,1
ATGGAATAATAATGGATAATA,1
ATTTCTAAGTATAACATAAAG,1
CGGGGGGGGTGCCCCCCCACC,2
GCAACCGCGAGAGACGGGGGC,1
AATATTATATAAATCTCTCTC,1
AGAGTTTTAAAAGAAATGGCT,3
TGCCACTTGACAGATGTAAAA,1
CAGTCCCACACGGGACCTAGG,1
ATACACTCAACACGCCGCGGG,1
ATGAAGCTATATGTCTAATCA,69
CCCTCTGCTCCCAGCCCACGC,2
ATGGAATATTATTCAGCTGTA,5
AACCGCACACCAGTCTTCAAC,1
AGAACCGGGCACCCTGCCCAA,1
AGGCAGCGCGGCGCCCGCCCC,35
GGCAAAGTGGAACAGGGTGTA,2
ACTGCTTCAATAATCCTTAAA,1
AGCGGGAGAGGAGGCTGGGCC,2
GAAATAGATCATAAGCATAGA,2
CAGAAGTCTTTCATGTGTATC,1
CCCAGCTCTACTTTTCTTTTC,4
AATAAATAAGTTGTTTTAAGC,1
GACTTGAAAGAGAAACTGTCA,1
GCCATACACACATTCATCCTA,1
TAAGACTTCTGCATTGGCAGA,2
ATGAATGGTAGCATTGAGGGC,2
CTCGGTGTTTCTTATGGGTAC,1
ACACAGATGCATGCGCAGGCA,2
CCCTCTCTTCCTCCCCTCAGA,1
GAGGACACAAGTGTGCACGTA,15
CAAGTTTGATTTGTGCTTAAG,1
CATGCTACCGTGTCGGGAGGG,1
CCCGCCGAGAAAAGTACACCC,1
GCAAAACGGGCCCCCAAGCCC,1
AATACCTGTGCCTGCCAGAAA,1
ACCTGTTAAAACTCCCTCCAA,1
CCAGCTGAGTGCCTCCTCTCC,15
AATAGGGGATCTAAAAAAGAA,1
CATGAGAAAGTGTGAGGGTCA,1
CTTTTAAAGCTCAGCCCCCGC,1
AACACTATAGTTGAGCAGGTC,1
GATCAACATATCAAGCAAAGA,1
ATGATCCAACTATGGAAGAGG,36
CCTACATCCATTAGCACTATA,1
TCACTATTATATTGTATAAAA,1
CAGTAAGTATGCACACATGCC,1
CGCCTGCCACAGCGCCCTCCG,11
AACGTTGATGAACATGGCTTC,17
AGCAGCGCGCGGCCGCGGGCG,2
AAGTACAATGGAAACTAAGAG,1
GACTATTAACCCCAAACAAAC,2
ACTGAATGCTAAGGACGAAAA,1
AGTGTCAGCCACACTGGGCTA,1
CCCCCCGCTGCCTCCCCCCCC,3
CTTTAACGAAACTTCTCCTTA,2
CGCAGCAGGCCCCTCACGGGC,1
GAGTCCAGCTGCAGAGGGGCA,1
TACACCAACAAACACATCTAA,1
GTGGAGGACCTCAGCTGCCCA,2
CCTTGTCCTCTAGAGGGCTGC,1
CACTAGCCTCTTACCCCAGGC,1
GGTCCCCCTTCCCTCCCCACA,1
ATGACAAGACCTCCTCTTGTG,1
TCTCCAAGATTTGTAGGAGAA,1
AGGTCCCTGAGAAACCTCTCA,1
TGCATAGACCTGCCTTTCGCA,1
ATCCCGGCTGAACTGTTGGAG,23
CTTCTTGCAGAAGACAGGAAC,22
CCAGGGGCGGGGGACGGGCCC,1
CTCTTCTGCCTTCTGCTTCTC,12
CTATGTAAACAATTCAAGACC,1
GGGCTCCCAAAAGTCAGTATA,2
CCACATGGCATCTCAATGTGA,1
CACCTTGGGGAGAATTAGGAG,2
AAATATTATAGATATAAATAA,1
AGGAGGCTGGAGCGCGAGGAG,1
GATAAAACAGAGTGGCAGAGA,1
AACTCACATGAGTACTGGCAG,41
TAGAATATAAGAGCCATGAAA,1
AGCACAGTAAATTAGAACCAC,1
ATCTAAGGTGTCCTCTCCTAA,32
GAGGAGAGTTTCATGGCAAAC,4
GGAGACGAGGTTGGGCCTAGA,1
ATAGTCAAAGCAATCTTGAAA,1
ATGTACAGATAGTGTCCTTCA,1
CTATGGATAGGTCACGGCGTC,1
GAAATGCTGGCATTTAATTCA,2
CGCGCACCCCACTCAGGGACC,7
AGGGATATTAGGCGCAATGAT,41
AGGTAGTGGAACCAGACAGGA,1
ATGCGGGAATGCCTTTAGTCG,1
AATATTTATCGAGCACCCTCT,1
AAGTAATCTGTAATTCTCTGT,1
GAAGTGGAAGAAGTAGAGGAA,16
AGTGGCTGCACTCTTGGCAGA,2
AGCCCATTCCCAGCTACATGC,1
GAAAGGCGGGGTGGCTGCCAC,23
CACCGGCTTCAGGCACAGCAG,1
CCCTCCTCATTCTCTTACAAG,1
GTCACTACCATCTCTTACCTA,1
ATCTGAACTCTTAAAAGGGTC,2
AAAGGCGAGCAAATGGGCCAA,6
ACGTAAATGAAATTCTGTCAC,1
CCCACAAACAGAAAGAAGGAA,1
TCAAGGAAACAACAAAATTAA,1
GACACCTGAGTAGGCCAGATC,1
AACAGTTTGCCATGAAAAACT,1
ACCCAAATTTGATCATTACAT,1
AAATGGAATCGCATGGAATGT,5
GCGCCCCCAGGGCGGGTGGTA,1
CACTTTACAAATGAGGGAGGA,16
CAGGATCTCCCCTCGGACCAA,1
CTCCAGACCAATGAATCAACA,4
GAGGGAATCAGGCCTCCAGCC,27
AGCAGAGCCTGCTGGTACAGG,10
CAGCAGGGACTCTTCCTCCAG,3
TATATTTATTAAAATTGATGA,1
GTACAGTGCTCTGGAGCTAAA,49
CACCCAGAAGTGTCGGGCGTG,21
CTCATGTATATAAAATGTTAA,1
CAGTTCAGTAACATTAAGTAC,2
ATTCATAAGGGTCAGAAGCCC,1
ATCACAGAGAGATTGTGGAGG,23
ACATAAACAAAATGCTTTGCA,1
GGGGGGCCCACAGCCCCCAAA,26
CAGAGAGAAAAAAATCATACA,2
ATGTGGGCTGTCAGATCGGAA,37
AATACTTTATTATAAAATTTG,14
ATTTTGAAATTGGACCTCTAA,1
AGCCTGGTTCAGAGCAAATGA,1
ATAGCTGAAAATAAAACACGA,2
CAGGGGGGGGTGTTGGGGGAA,1
CACCCAGTCCGGCTGGACTGC,17
GACTCTGATCCCCTCTCCACC,1
ACAGGTGCCAGACATGTTGAG,24
CTGGGGTTCAGGTGACTCATA,25
CAGGGGCCTGGGGATCGTCTC,1
ACAAATCAAAACTATAATGAA,1
AGTCTCTTGCCCACGCTGAAC,5
CCTTTCTCTGACCCGTTTCAG,2
GAGGGACCGGATGAAGAAACA,2
CACTGTGGCTGCCTGCCTCCC,5
CCATTTGCTCTGCCCTCCCCC,1
AATATCGATTATAGAAAAAGA,3
CAATGTTAGGCTTTCATTTAC,11
TTGTGGAAAACTGATTTCAAA,1
CCTCCCTCCATTCCACCCGCC,2
CCTTCCTGGGGCGGGGACAGA,45
CAGATGGGTGCAGGCCATGAA,1
AATGTCTGGAGAGGCAGACAT,91
CCAGCCTGGCTCTGGGTACCC,1
GGAGACACATTTTTGCTCTCA,1
AGGATGGGCCTGGGACACAGC,4
CTATTTGTCCCTGATGGCCTA,2
CGAATATAATCTCAAACCTGA,1
AAGTCACCCATGTATGAGAAG,1
GGGCAGACTCAGAGAAAGGGA,1
AGGATCTCAGACCAGCCTGGC,1
AATATTTTGGTAATACTCGAA,1
CCGGCCTGGAATTTTCAAAGA,11
ACCCACTGGGTGTTGGCGCTC,1
AGTGAGCATGATCATTTTCAA,17
GATTTTTGTCTCTCCAAACCA,2
AGTTCCTAAGAAAGGCTTCAG,17
TAACATACGGGAAAGAATCCA,4
TTCATTTCCAAAAGATAAGAA,5
ACAATGATTACGACGATTAAC,1
AGGACACCACCCCTCATATTA,2
CATGATGTTTTGTTTTTAGTA,1
TAACTATTTATACTTTTTATA,1
AAAAAAATACAAGCTGGGTGT,4
CAGGTAAGATTTTTGGTTCTA,1
AAATAAGAAAAATATTTGGAT,1
ACACCCCAGGCCCCTATCAGC,3
ATCTGGAGTAGAAAGGGGGAG,15
CTCCACCCCTCTAAGAGTCTC,1
GACTTAACATGGAGCCGGGCA,2
ATACGCTGGATCTGCAGCCGG,1
CGAGGGTGGTTCCAGGATGGA,1
AACACCACGAAAATCTCCAGG,1
GAAAGAAAACTAAGGGGGAGA,2
AAGAGACGTTTTTTTGTGAAA,1
AGGGAACCGCTGAGGGAACAG,6
CATGTGGCCGCCCCCCGCCCC,1
AAACCAGTCCATGCACAGAGC,2
GTAGCCATGACAAGATCGGAA,1
CCTTATAAGAACAGTAAGAGA,1
ACCCCTGCGTGGGATACTTAG,1
GCATTGGCTCCAAAGTTCCTA,7
ACTGTGTAAACGGTAGATTAA,2
ATGTATGTTTTATGTTGGTAA,2
AAATTGAGGCTCAAAGATGCT,1
CACAGATATTAAAAGTGCAGA,1
ACCCTTCTACCCTTCCTTCTC,3
ATCTATAAAGCCATTTTATTA,1
CACAGTGTCTACAGACGTGGA,2
CATGTCTCTTTTCACCAACAC,2
CCTGAAAAGATTAGATTGAAA,1
AATAAGCAAAGTCGGTGGTCG,1
GCCAGCTTGTAAACCACATAA,1
CTTGTTATTGCCTAAACAATA,2
TGTCACCAAACTTCTAAATAA,1
GAGTAAAATGATCCAATCTCA,1
ATCTTTCTAAACAGGAAATCC,2
TAGGTATGTGCTTAGAAAATA,1
CGCCATCTTGCGAGCAGGCGA,24
CCATTACACTGGGATAAATAA,2
GTTTGACTGCAGCATTGATGA,1
GGAGACGATTTTTTAACCCCC,1
CGAGGCCATGCGACAAGACTC,1
ATTTCACAAGGTCCTGAAATA,1
AAGACCAGTCTCTCAGTCACC,6
CAAGGCCCCAGCAAGTAACAA,1
AATTCAACAATACTTTTAAAA,1
AATGTCTGCTCACCTCAGCTC,1
AAGTCAGGTAGTGTGACGCAC,4
ATTTTTAGGTTTGTGATTTTG,1
CTATTTTCTCATTTAAAAAAA,2
AAAAGCACATTAGGGGGCAGT,1
CCTCTCCCGCGGGCCAAACCG,2
AAGACCCTGTTGCGTTCCTAT,1
GCTGACATTTATTGCAAACAA,1
CTCCGACCCCCGCCGAGCTGA,1
CCCAAGAAGCTAATTATATAC,1
CCTGGCTAAATTTTTAAGTTA,1
TCCCGTCGCGAACCAGCAGCA,1
TACACTATTTGTGCTTTGGGA,1
AGGGCTCTGGCAGTGCTTTTG,2
CCCTCCTGAGCATCTGCAGGA,1
GTTGTCCATTTCTCCCCTCGA,1
TACCACTCCCTCCTTTGCCAA,1
ATCTAGCAGATATCTATTTTC,1
AACAAAAGCCTGAAGATTTTA,1
AACACCTAATCCTCTCTTGTA,2
AAACTTTTTTCCTCAATCAAA,3
ACAGCCTAAAAAGGTACAGGA,35
AAACACAGCGGCCCTGGGCCA,6
ACTGACTATTACTGTCACAGG,8
ACTGTTTGTGGGAGTGTAAAT,14
GCAAACCTGCATGAAGGAGGA,2
ACATTATATTTTTAATAAGGA,1
CTGACACCGACGCATCCTCAG,1
ACCTCAGCCCCACACTGCTCG,1
CGTCGGCCGTGCGGCGGAAGA,62
GTAGGGCCAAGTTTGTCTAGA,13
AAACTCCTTCATCATGTGTCC,44
GAAAAGGATACCTCTTCACAA,1
AATTAGAAAATCAGTTATAAA,1
CCCCCCAAACGACCCCGCCAA,1
AATATTAGTGCCAGAGTCAGA,1
AATTAAGAACCGCAGCTTCCC,1
GATGAGTCACTCCTTAAAACA,20
GGGTTCTGGCTGTTAGAAGGA,1
GTTTAGTTGTCCCTGAAGGAA,1
AGATAATGATTTTATTGTATC,12
GCTTGTGCCCCTTCACTTGCC,2
CCCTCTCACCTTCTTCCACCC,2
ACATGGCTGAGTATGTGGTAA,1
CGCTCTTCTGCAAGGTGCGAA,2
GACAGGGCGTCCAGATGCCCA,7
TATTATGTGGCTGTTTTTAAA,1
AAATAGGAAATATTTTCCAGA,2
AGATAAACCACGCAAACCCAA,1
CAACCCATTTCGAGCTGCCGC,1
AATACACTGGGCTACAAGTTG,12
AGCTGTGCCAGTAGCACTGCC,1
ACAAATGAATATAGAACAACA,1
ACTTACATTTGGTTTCACGAC,1
AAATGACTGTGCTGGATATTC,3
AGATGGAGGCACTGAGGCCTA,1
GAGCGGCCAGAAGCTCACCCA,5
AATACCGAATATTTGCCTATT,17
AATGGCTGCCAGTGGGGAGAT,1
CCTCACAGACAGCCAGTTAGA,1
ACCGCCCCGGCTTCTTGCCCC,1
AAAGAGCCCCGGGGATTCGTT,2
ATTCAAGTCAGGGCTCAAACG,4
AGGAAGTCAGGGGCTGCACGC,1
AAGTAGTGGGGCAGCAGGGAT,1
ACTGAAAGTGTGTGTCCTTCT,1
CAGGAAGGTTACCTAATTTAC,1
ATAACCTTTATAAAAAAAAAA,5
AAATGGGGTAACCAAGATCGG,1
AAATTATAGGTATTAAGTTCT,2
ATTCATGGCTAAAAGGGGCCA,1
ATGCGGCCTGACCACCTGGGC,1
CAACCAGCAATTGGCTCACTG,19
AGATGCCCTGTGCTGTCATGA,3
CTGCTGCCTTGTAAACTGGGA,1
AAATAATTCCATGCTTATGCA,1
CAGGAAGTGTCTCTCTCTCTC,1
CTGTCCCAGCACCCTGGGATC,142
AACCTCTAAGGCAAAAAAAAA,33
AGAGAGGGAAGCAAGGGATAT,2
AATAAAAGCAAACGTGGAGCC,1
CAAAGGGAGAATAAATGAACC,1
AGACTTTGGGCACTGAGGAGC,7
ATGGAACGCTGGGAATGATGG,1
AGGACACCCACCCCTACCGCC,9
CATAAAGCCTAGGTGTGTAGG,1
CTCAGGGCTGCAGGGACAACC,1
ACCTCCCGAATCCAAACTGCT,1
AGTCTGGCAAAGACTATCCCA,66
CCTCCAACCCTCATCCAGATC,2
CGACGGGAACGAGAAACGCAG,1
GAAAATGTTTTGCGTCTTTGA,12
AAGATGGAGTGGGGGAGTTGC,1
GAGCCAGGAGAGACCATGGGA,14
AGTAAAATTCAGGATCTTAGA,32
AGAATCTGGAGGGATGTCAGC,1
AGAAGCTAGCTGTGTTTAAGA,2
GGAAAGCCAAGAAAAAAGGAA,1
GTGGGCCACAAAGCAAGCTAA,1
CCCTATTCCACCATGGTAACA,1
AATTGCCTCATGTGCTGAGGC,1
ATGGTGGTGAGCGCCTTACTC,2
ATGCAGAAGTTGGGGCAACAG,1
GTTGCTTCCCTTGGTGCCAGA,1
ACAGGAGGTGTGGCCAGACAG,2
CAACCACAGTGGCATCTGTGA,87
ATTCCATCTGGGACTGCGGTG,1
CTGCCCACGCTGCTGGGGAAC,1
AGCGGGGGGGTGGGGCGGGGA,1
CACCACAGTATGCCTTCATTC,2
ATCGGAATGGAAGAGGTGAGG,2
CAGCACAAAGGTCTTTAACTG,32
ACGATTTACAAAAAGCGAGAT,2
AGGACACAGCAGAAATGGTGG,60
GAAGTTGGTTATGCTACTTGC,2
ATAGGCAATAATGAACACCAA,12
GAATGTTTGGGTTGAGATTAA,1
ACTTTATTTTAAATCCTTTAA,41
ATGAATGCTCAAATTTCTAAT,53
AGTCTCATTTCCTGCGTGTAG,2
CTCTTCATTCCCCCAACACCC,1
GGGTGCCCTGCACTAACACAC,56
CTGCCAAATTGAGACAGCGCC,1
CCTTCCCCTTCTTCCCGGACC,11
TACTCTAAAAAAACAATAACA,1
ACTGCAGCGGGCTGCGCTGGG,1
CACAATTTTTGCTGATACAGA,1
GCTTAATAGAGGACTGTAGCA,3
AAAACACCTGAAATCCCCAGG,17
ATTCAACACCTAGAGATCGGA,1
ACAATATATCTACATAAGAAA,1
ACAAGGATCATGATCAATGAG,7
ATCTAAACAGAGAGACAGAGG,1
CATGTATCAGACAATTCACTC,4
TAAAAGACTTGAAGCAATGAA,4
CTGGAAAAATACCCCCATTTA,1
CTTTCTCCCTAAGAGTCCCTC,1
CCCTGAGCCAAAAAGAAGTAC,2
CCAAAGCCTTGGGAGCCCAGC,5
ACTATCCTACCTCATGGCAGT,1
TAATACCTGAAGCTTATGCTA,5
TATGGTGAATTGTCATCCCCA,1
CAGTCCTTAGGGGACAACATA,16
TAGACTGGAGAGGTAGCCCCA,10
CTTTCCACATCAGGAAATCAC,138
AAAGGATTAGTTCTGGTCCAA,1
ATAATAGTAACAAAATAATAA,1
CACCGGGGCGGGTGAGCACAC,1
ATTCACAGTAGAACTTCTTTC,1
CTTCTGACAGCCAAAAAATGA,1
ACATAGTTTAAGATTTCACCC,1
ACTGGACCTCTGACCTTAAGT,10
AAGAATTTAGAATATCAGGCA,5
GCGGAACCGGTGGCAGGCACA,1
GCAAAGACATCAGCCTATTTA,1
AGATTCAGAACTAGTAATCAT,1
TAATTTGGTGAAATAATCAGA,1
AAGCGGTTTGAGCCGGGCACA,1
CCGTGGCGTGAAAAGTTCCAC,6
AGGAGCCACGCAGACACAAGG,3
GTTTAGTAAATCCAAAATTTA,1
GTGTGTTGGTGAGTTCGGCCA,1
ATTTGGAAGACAGAAGCTCTA,1
CCGATCTTCCGTGCACACCCG,1
AGTGTACCACAATGTCACCGA,1
AGTGGGCCATGAAGAACCACT,39
ATTAGCTTTTAAAAACTGAAA,35
ATCAAATCAAATAGATCAAAT,1
CTTTGACCAGGTCTCATTTCA,1
CAAAACACAATGAGATATTCG,1
CTTGATTCTATTCTTCCTGAC,1
TATTTGAAGCTAAGCAATAAA,2
GTGGTCATTTGTGGCCAGAGA,1
AGATTAATGGAGTGGAGTCCT,2
AGCTGGGTGGGAACGGGGTTC,7
CCTCCGCCCTGCCCCTTGCTC,16
CTCTATTTAAAAAAGGAGAAG,4
TCCATGTATTTTGGAAAAGAA,49
CCGATCTACTTCCCATCCCAG,1
GGGGGGTGCTGGGGATCACAC,1
GAAAAATTTACTAATGCTAAA,1
CTAACATAATGGCCAATATGA,1
AACTTTCAGGTTTGTGGCAAA,1
CTAGTTTTTATGAAGAAATCC,1
TGCTGAGAAACATGTCTGAAA,2
AACAAATGTATCTCTCTAGTG,2
AGATTAAATGGTGTAATAGAA,1
CTGCATCAGAGAGTGTATCCA,15
GATCTAAATTTTTATAAAACA,1
ATTGGTGAAAAAGTATAATAG,1
AACTTCTAAGCCTCAAAGGCG,1
AGAAGGTGCTATGGGTTTTAC,1
AGGCCCAGAGCGCGGCAGAGG,37
ATTTTAAATAATTCCCAATAA,1
GAGCAAAGTGAAGGTGGTATC,1
TATTGGCAGGAGGGAATCAAA,1
CGGTGGGTTCAGCACTGAGTC,2
AGTAGGGCAAGTTTCACTGCA,1
AACCTTGTGACTAAAAAAACT,2
CCGATCTATGTAAAGTAGGAC,2
GATGGAGGTCTCATTGACCGC,1
GTGGCTGCCAAGGCCCAATGA,1
ACTGATCTTAATTGGTGTTAA,1
ATTACAAATGACGAAGAATAC,1
ACAGAATGTACCCCCAGAAGG,4
GTATAGTTATTTATTTGAAAA,17
CAGAGGTGTCCTGTGAACACC,1
AATGACCATGGGAAAGCGCGC,1
CTGAAAGTAAACTTGCCCAAC,1
AATAAATGTCATTAGGAATAT,1
CAGGACAGGGCAGGTCCTCCC,1
CATATGGAGAATCCATAAAGA,4
AGTCTGCTTTACCTTCGCGGG,1
CTTTCCCTAGATGTTCATTAA,2
AAGTAGTCCAATAATTTAGGA,1
CCCCCACCCGGCCAGTCTGCC,1
AAAAAGATACATAATAATTGT,1
AAGCCCCAGAGGAAGGTGCGC,3
CCCCCTAGTCCCGCGCGGGCC,1
GGGTAGGCTAGCTCCTTATCA,1
ACGTTGTTGCCATCTCATGTA,1
CCCGGCCACCGCCACGGCGGC,6
CAGGGTAAAAGATTAATACCC,1
CTTCCGATCTGCGCCAGGCTC,1
AAAAAGAATAGTAATAATTTT,8
AGACTGCCAGGCGGCCAGGGC,1
ATATTGCTTGCTTGATACCAT,1
AGATTACATTATTTAGATCGG,1
AACACCTGCGCTCAAGTGATT,1
CTCCTGGTCTATCACTCGCTC,1
ACTTCAACAAAGTTTCAGGAT,2
CCTCAACTCCTGTACCCCCGC,1
CTCAAGCCTGCTTTTCAGATC,1
AAACAACCCACCCTTCCTGGC,1
ATGGCTTCACTAGGGCTTGCC,1
AAATAAATAAATAAACAACAG,1
CACTGGAATGAGGAGTTGAAA,1
ATGTAGCTTGATCGATGGTGC,1
CAGAACATAGAGGCATTTCAA,43
CACTTTTGGAGCAGTTCCCCA,1
GTCTTTATATTTCCTCCCTCA,1
TCACTCATGTTTAAATCCTCA,1
AGGAGGATGAGGCACCTGCTC,1
ACTCACTTCCCTGGAGTCCTG,7
CAAAGTGCTGGGCCTTGCAGG,2
CTCTGCAGGTGGATATTTGGA,3
GCCTGTTTTAAACCAATCACC,1
CTCCGCTGACGAGTTTGGTGA,1
CTTCCGATCTGCTGCCACCGC,1
GCCATGGCGGAATGTGAGGGC,1
AAAAATATATATGACAATTCT,1
AGCATAGTGCTGGGAAATGGG,252
ATCTGCAACAGGTCCAGGGGA,1
ACCCGCCAGTGAGAGCTGTGG,31
ACACATAATTCTGGACAGTTG,1
GGTTCACTGTGTTCATCCAGA,1
CAGCTGCTTCAATTGGCACAC,1
AGGAAAGAAGCTACAAGACAG,1
CCTTATAGGAACGGAACATTA,1
CTCTCTACAGCATATCACGTC,1
CTGTCGAAATGCACCATGAAG,18
AACACATTTAAGTTCTTCATT,1
AATAAATGTCATGTGTGTTCT,1
CGAGGCCTCGATGGACTCGCC,93
CTCCCTTCCACCCTGTTTCTC,1
AAGGGGTTAAAGTGTTAAATA,51
ATGCCGGAAGTGAAAAAGGAA,1
TCTACAGCTCTTGTGTTTCCA,3
GAAACAGTTTGCTTGTAGACA,1
AGGTAGACATCGACCCCGTCA,1
ATAGATAGTATATCTGAAGGA,1
AAATAACAAAAAAAGATTAGA,1
GCAACAAAAAGACATGGACGA,2
CTCACCCAGCCACACTACCAG,2
GCTATGCTCTTTGTATTAACC,1
CCTGAACTAGTTAGGAGTGAG,1
AGCTCATAGTTTGATTCTTCC,31
GCTAGCACAATTAAAAAAAAA,3
ATAGGCAGCGTTTCTACATAT,22
ACACCAAGATATTTAAGCCAG,1
CAGACTAGTGAAGAGAAATCA,23
CAGATCACAAGGTCAGATCGA,13
GGGATGATTCCTAACCAAGAA,1
CGTAAATGATGTTCTCCCATC,1
GGGAGAGGAAAAAAAGTCTAA,30
GCCTATTTTTTAAAACGTAGA,2
ACTGTGTGCCCACCTAGCCCT,5
GCAGCCGCCACCAGCGCGGCC,1
GTATTTTAGATTCAAGATGTA,2
AGGGGAGCCCTGCACCTCTGG,1
TAGAGGAGCCTTGGAGCTATA,1
AGACGAGAGAGCAAGTGATCA,2
CTCCGAGCGCCTGCTGTCTTC,1
GCTGCTCCATTCAGCCGCAAC,1
GGCACAGCCTGGGAGATCGGA,1
AAAGCAAACATAACATTTTTG,8
ATCTCTCAGACCATAATAGAA,1
GTTTGATAAAAGGCATCATAA,1
AGAAAACCCATTTCCTCCAGC,1
ATTAGTCCCTCCACACACTGC,1
GCTCCACAGTCCACCATCATA,4
GATTGTACTGAATGTTGTGAC,21
GGCATGGGGGTCAGGGACGCA,4
CATCTCTTTGACTATTAAGGC,2
TATTCAACTGGAAAGAATAAA,40
AAGGTATGTAAAGACCCAGTA,1
CAAATAAACATTTAATATAAC,2
AACCACAGCCACTCTTTTTTG,1
CTGTGGGATTCCTCCAGTGCC,1
CAGTGGAGGGGTCTGGGCTCA,3
AGAGCTCCGTGGAGAGCCCCT,1
CTTTTGTGGGACATTTGGGGA,11
AGCTGCTCCCAGGTTGCACCC,1
ATGTGGGCACTGAAGCCCAAC,1
AAAAACTCATTTTTTTTTAAT,1
CCTTGGTGATTAGACTCTGAA,2
ACAAAATAAAGGCAATTATTA,22
CGCGACAAAACACAAAAAAAA,1
CCAACACTCATGAAGCTATCA,1
GACCCACTACTTGAAGAAGAA,1
CAGCACTTGCTACCATGCACG,11
GTTCAAAAATAGTCCCACTAA,1
CATCTGCGCCTCCCCGGGTCG,1
TCAACCTCAATTCACATGCAA,1
CAACTTGATTGGATGGAAGCA,2
AGGTGGGGGGGGGAGACATAA,1
ACGTCCTCCTCCGGGCCCCTC,16
AGTCAGGCCTGGGAGACCTCC,6
AAAAATGAAAAGACAAAAATC,17
CCTCTAAATCCAATGACAAGC,1
TCATTCACGATAGCTAAAAGA,2
ACATTCCCCTTTCTGGGCCTC,1
ACGAATAATTCGGAGATCGGA,1
AGGGCCCGTGACCCTCCCCCG,1
CCCCGGTAGAAACCCTGCTAG,15
GTTCAAATACCAACCTCCTCA,2
ATCTGTTAAGCACCACCATGG,1
ACATTAAATAAGTTTATGGAT,1
ATGTTTGCCTCCGCCTAGATG,2
CTTTGCTTACATTTCCCTCTC,1
GCCAGCAGCCGGCTCACCGCA,60
GGCAGGTTGACCTTAACCCCC,1
CGTGGCGCCTCTCCCTCCAAG,43
AGTCTCCTTCTCTACCAGATC,1
CCCACACCGTCCATTGCAAGG,2
CCCAGGACTGGTGAAGCCTAC,1
AAGAATGCCCGGAAAACATTA,1
CAGAAAGCCTCCGAGACAAGG,2
AAAGTGTAAGATATTTGAAAC,2
AATTTGATGCAAATAGTTAAC,46
GCTGGAAAAACTCCTACCCAA,1
GGCCTTGACCTGGAGATCCTA,2
GGTAATGGCAGACCAGCAGGA,18
CAGTTATCTTGAAAATTCTGA,1
AAAGGCTTTATGTTATGATAG,1
AACAAGAGCCTCTGGTTCTGA,1
CCAGGTGAGCACGTGACTAGC,2
TGACGCCTATGCTGAGCCAAA,1
ACCTACCCATTCAGCCACCTA,2
ATCCTGGGAAGTGAGAGGAAA,1
CACTCCTCTATCTGTGAAGCC,1
ACACCTCTACATACTGAGTCA,1
GGCCCTTTAATGATGTTATTA,2
GTCGGAAGGCAAGCAGCCACA,1
ACACCCGCCTAATTTTTCTAT,2
AGCTTCCCCCTGTCCGTCTAC,1
GGGGTGGAGAGGAAGAGTGAA,2
CCACCAACCACAACACACCAA,1
AAAAATTTGCAAATAAATGAA,1
ACCTTGGTTTCCTTAGCCCCT,2
CATCATTCGGGGCCCCTTTTC,1
GTGAATTTCATTTTTTAAAAA,6
AACTAGGGTTGGAGAAGGCCT,1
AATGTGGATGTATTGGATGAT,4
CTGGGGAAGGTCTGCCTCATC,2
TAGAGTTTAAGTGTAAATATA,1
TCTCTGGCCCTGCTTTCTGCA,1
AACTGAATATCTGTAAAATAA,1
AGCACAATCTCGGCTCGCTGC,3
CCTCTGTTCCTCCTTGGTTAC,2
CAACAAGATTATGGCTCGCTG,7
CGGCCGGCCGGGCGCGCGCAC,18
GGCTTCCCGTCAAAGACCACC,1
AAGTGCTGCTCCAGCACCACG,1
CCGCCCACACCCCGCCCCTCG,3
AGACCCCGAGAGCTCGCAGCT,49
AACTTAAGTTGTTCACACTCC,1
CACTCCCTCTGTCTTATGCTC,1
ACTGAGGCAGAAACAGCTAAT,4
AGGAAGTGTTTTAACTGATGA,1
AAACATAGAACCAGCTGTGAT,2
CTAGCTGGGCATGGTGGTACA,4
ACATTATCCAGGTGTGGTGCC,3
ACATACACACAGATCCAGGAT,1
CTCCACATGGTGTACTCTTTC,2
GAGCAAGCCAAAACATCAAAA,1
AAGAGGACTAAGGCTCCTTGG,1
CAGCCTCTCGAGTAGCTTAGC,1
GGTGGCTCTGGTAGGTTTGCA,1
TTAAGCAACAGCAGCCATGAA,13
AGATTTGTTTCAGGCTGGTAT,7
AAGTCCTTTGGGGATGACTTC,28
TAAGCAAAATCATCCAAAGTA,1
AATTGGTTTCCACAACGTAAG,18
ACAACTTCACCAAGGCGCCGG,1
GTTCAAGGCACTCTTCCAGGA,1
TCACTTAAATGCCCACAGAGA,10
GCATCCTCGTTAGCGATGCCA,1
GTCCTCAAGTGGAATAGCAAC,1
GGTAAAGCGTTGGGAAGGAAC,15
AGATAATTCTCAAGAACAAAA,74
CAAGTCTCAGCCAGGGATGGA,7
CCCCTGTCACTGCCCACAGCA,1
CCAATCCGAGGCCCTGCGTTC,2
CACAGGTTAGGTTGGAGTAGA,1
AGAGCAGGAGTACCTGAAAGC,1
AGCACTTTGGGTGAAGCCCTG,8
GCTTTGGGAGGAGGCGGGGAC,2
CCTCTTTCTCTGCTGACTTAC,1
ACATATTCACACACACACATA,2
AGGGAGAATAATGATACCAAA,1
ATTCCAGTATATGGAAACAGG,1
CCTGTTGGGGTATGTCTCCCA,2
ATCCCATGCTATGAATACACC,2
CTCACACTCGTGTTCATTCCA,1
GGGGCATATATTTTGTTTACC,1
TAAAGACCCTATCTCAAAAAA,1
ATTTGGAATGGCAGATGGGAC,1
CCGATGACCTCCAGGAGAGCA,1
CTCGGCCTCCCTGCGCGAGAG,1
ATGGGGAAAAAACATGAAAAC,1
CTACTTCTGCCCATGGTCCCA,1
CACGTGGTCACACTTAGCCCG,1
GGAGGCCCTGGGGAGGAGGGA,1
CCAATGGTCTACAATCAGCAG,1
AAGCCAAACATGCAGAAAGCC,1
CCTCTGCATAAGAAAACCCAG,2
ACGCACCCAGGGTGGGTGGGC,1
AATAAATGTCACTTACTGTTC,1
TGAGAAAAGGGCACTCCGGAA,17
AGGGATAAAGAAATTGTGGTA,1
GGTCCTGGACTACTGGAAGAA,1
ACTTCAACTAATTTTACTATC,1
CTTCCTCCACTGAGGCATGGC,4
ACTGATTTCACCTGCCGTTTC,2
AGAACAGACATTTGGCTAGTA,1
CTCCATCTTGGGGCTCGGTCC,2
ATTTAATGTGCATTACTTTGA,1
CTGGGGGGCTCAGCTAGTAAG,1
AATAGATGCTTATTGATTAAT,1
TAGATTACGTTGAGTTCTCAA,1
TAAGGAGTCATTTTTTTCTGA,1
AAGTAAGCTTGTTCTCAAGGG,9
ACTGATTTGACGTCTTAACTC,1
TATTTGTCTGGATATTTAAGA,11
AATTCGAGACCATCCTTGGCA,1
ATAAGGTGACTTAGGGTGACA,2
CCCATTCTCGGTGAGCATCCC,3
AGGAAATAATTCACGAAGGAG,1
TGGCGAACACAACGAAGCTAA,1
TCAGATATCAGCACACAAGAA,1
CAGAGCACAGTGCCTGCTGGA,2
ACACCATTGTGCGGGAGCCTG,1
ACCGGCTTCCCACCAAGTGGA,35
CCCTGCCGCAGCAGCTCCTGC,31
CTAAAGTGACTTTTGCGCTAG,2
TGAGACACATACAGACACACA,3
AGGGAGCTTTTCCTTCCCTGG,3
CCATCCTGTCTCAGTTTTGGA,1
CCTGCTGCCTCCCACACATTC,2
TCTTGGACTTTTTTTGGACAA,1
CTGTCTCTCTCTCACCCTGTC,1
GACCGGGAACTCCTGGCACGA,7
CAACTTTAAGACATATTTTGG,2
CAAATGTCAAGAGGGGTCAGA,1
GCTTGCCACATCAAGCCACAA,33
ACCTATGACTGACTCTACCGT,84
GGGAGATGAGCTTTAGGAGAA,2
ACTTCCAGGCCTGGCCCACAG,2
CACTGCTGTTACTAGGGACAG,2
CCACGGGGCCTGGGGTGGCAG,34
CTCTTCTTCTGCATCTTCGTC,82
AGAGCCACAAAGGAACAGCAC,1
AAGAGGTGTCCATTGCACCAA,1
